<?xml version="1.0" encoding="utf-8"?>
<!--Detailed report on module AdsbSensor-->
<CCCC_Project>
<module_summary>
<lines_of_code value="22" level="0" />
<lines_of_code_per_member_function value="******" level="0" />
<McCabes_cyclomatic_complexity value="0" level="0" />
<McCabes_cyclomatic_complexity_per_member_function value="******" level="0" />
<lines_of_code value="9" level="0" />
<lines_of_code_per_member_function value="********" level="2" />
<lines_of_code_per_line_of_comment value="2.444" level="0" />
<McCabes_cyclomatic_complexity_per_line_of_comment value="------" level="0" />
<weighted_methods_per_class_unity value="2" level="0" />
<weighted_methods_per_class_visibility value="1" level="0" />
<depth_of_inheritance_tree value="0" level="0" />
<number_of_children value="0" level="0" />
<coupling_between_objects value="3" level="0" />
<IF4 value="4" level="0" />
<IF4_per_member_function value="********" level="2" />
<IF4_visible value="0" level="0" />
<IF4_visible_per_member_function value="********" level="0" />
<IF4_concrete value="0" level="0" />
<IF4_concrete_per_member_function value="********" level="0" />
</module_summary>
<module_detail>
<description>definition</description>
<source_reference file="./test-server/endpoints/AdsbSensor.h" line="10" />
<lines_of_code value="4" level="0" />
<McCabes_cyclomatic_complexity value="0" level="0" />
<lines_of_comment value="2" level="0" />
<lines_of_code_per_line_of_comment value="------" level="0" />
<McCabes_cyclomatic_complexity_per_line_of_comment value="------" level="0" />
</module_detail>
<procedural_detail>
<member_function>
<name>AdsbSensor(SensorEndpoint *)</name>
<extent>
<description>definition</description>
<source_reference file="./test-server/endpoints/AdsbSensor.cpp" line="10" />
</extent>
<extent>
<description>declaration</description>
<source_reference file="./test-server/endpoints/AdsbSensor.h" line="12" />
</extent>
<lines_of_code value="5" level="0" />
<McCabes_cyclomatic_complexity value="0" level="0" />
<lines_of_comment value="3" level="0" />
<lines_of_code_per_line_of_comment value="------" level="0" />
<McCabes_cyclomatic_complexity_per_line_of_comment value="------" level="0" />
</member_function>
<member_function>
<name>sendData(const TestServerPlane &amp;,const TestServerPlane &amp;)</name>
<extent>
<description>definition</description>
<source_reference file="./test-server/endpoints/AdsbSensor.cpp" line="20" />
</extent>
<lines_of_code value="13" level="0" />
<McCabes_cyclomatic_complexity value="0" level="0" />
<lines_of_comment value="4" level="0" />
<lines_of_code_per_line_of_comment value="------" level="0" />
<McCabes_cyclomatic_complexity_per_line_of_comment value="------" level="0" />
</member_function>
</procedural_detail>
<structural_detail>
<module>
<name>AdsbSensor</name>
<client_module>
<name>TestEnvironment</name>
<visible>false</visible>
<concrete>true</concrete>
<extent>
<description>has by value</description>
<source_reference file="./test-server/TestEnvironment.h" line="25" />
</extent>
</client_module>
<supplier_module>
<name>SensorEndpoint</name>
<visible>true</visible>
<concrete>false</concrete>
<extent>
<description>pass by reference</description>
<source_reference file="./test-server/endpoints/AdsbSensor.cpp" line="10" />
</extent>
<extent>
<description>pass by reference</description>
<source_reference file="./test-server/endpoints/AdsbSensor.h" line="12" />
</extent>
<name>TestServerPlane</name>
<visible>true</visible>
<concrete>false</concrete>
<extent>
<description>pass by reference</description>
<source_reference file="./test-server/endpoints/AdsbSensor.cpp" line="20" />
</extent>
<extent>
<description>pass by reference</description>
<source_reference file="./test-server/endpoints/AdsbSensor.cpp" line="20" />
</extent>
</supplier_module>
</module>
</structural_detail>
</CCCC_Project>
