<?xml version="1.0" encoding="utf-8"?>
<!--Detailed report on module Aircraft-->
<CCCC_Project>
<module_summary>
<lines_of_code value="72" level="0" />
<lines_of_code_per_member_function value="******" level="0" />
<McCabes_cyclomatic_complexity value="9" level="0" />
<McCabes_cyclomatic_complexity_per_member_function value="******" level="2" />
<lines_of_code value="7" level="0" />
<lines_of_code_per_member_function value="********" level="2" />
<lines_of_code_per_line_of_comment value="10.286" level="1" />
<McCabes_cyclomatic_complexity_per_line_of_comment value="1.286" level="0" />
<weighted_methods_per_class_unity value="8" level="0" />
<weighted_methods_per_class_visibility value="8" level="0" />
<depth_of_inheritance_tree value="0" level="0" />
<number_of_children value="0" level="0" />
<coupling_between_objects value="3" level="0" />
<IF4 value="0" level="0" />
<IF4_per_member_function value="********" level="0" />
<IF4_visible value="0" level="0" />
<IF4_visible_per_member_function value="********" level="0" />
<IF4_concrete value="0" level="0" />
<IF4_concrete_per_member_function value="********" level="0" />
</module_summary>
<module_detail>
<description>definition</description>
<source_reference file="./cdti/Aircraft.h" line="7" />
<lines_of_code value="8" level="0" />
<McCabes_cyclomatic_complexity value="0" level="0" />
<lines_of_comment value="0" level="0" />
<lines_of_code_per_line_of_comment value="------" level="0" />
<McCabes_cyclomatic_complexity_per_line_of_comment value="------" level="0" />
</module_detail>
<procedural_detail>
<member_function>
<name>Aircraft(const CDTIPlane &amp;)</name>
<extent>
<description>definition</description>
<source_reference file="./cdti/Aircraft.cpp" line="48" />
</extent>
<extent>
<description>declaration</description>
<source_reference file="./cdti/Aircraft.h" line="16" />
</extent>
<lines_of_code value="8" level="0" />
<McCabes_cyclomatic_complexity value="0" level="0" />
<lines_of_comment value="2" level="0" />
<lines_of_code_per_line_of_comment value="------" level="0" />
<McCabes_cyclomatic_complexity_per_line_of_comment value="------" level="0" />
</member_function>
<member_function>
<name>getPosition()</name>
<extent>
<description>definition</description>
<source_reference file="./cdti/Aircraft.h" line="34" />
</extent>
<lines_of_code value="4" level="0" />
<McCabes_cyclomatic_complexity value="1" level="0" />
<lines_of_comment value="0" level="0" />
<lines_of_code_per_line_of_comment value="------" level="0" />
<McCabes_cyclomatic_complexity_per_line_of_comment value="------" level="0" />
</member_function>
<member_function>
<name>getSeverity()</name>
<extent>
<description>definition</description>
<source_reference file="./cdti/Aircraft.h" line="44" />
</extent>
<lines_of_code value="4" level="0" />
<McCabes_cyclomatic_complexity value="1" level="0" />
<lines_of_comment value="0" level="0" />
<lines_of_code_per_line_of_comment value="------" level="0" />
<McCabes_cyclomatic_complexity_per_line_of_comment value="------" level="0" />
</member_function>
<member_function>
<name>getSeverityImage()</name>
<extent>
<description>definition</description>
<source_reference file="./cdti/Aircraft.cpp" line="6" />
</extent>
<extent>
<description>declaration</description>
<source_reference file="./cdti/Aircraft.h" line="17" />
</extent>
<lines_of_code value="32" level="1" />
<McCabes_cyclomatic_complexity value="6" level="0" />
<lines_of_comment value="5" level="0" />
<lines_of_code_per_line_of_comment value="6.400" level="0" />
<McCabes_cyclomatic_complexity_per_line_of_comment value="1.200" level="0" />
</member_function>
<member_function>
<name>getVelocity()</name>
<extent>
<description>definition</description>
<source_reference file="./cdti/Aircraft.h" line="39" />
</extent>
<lines_of_code value="4" level="0" />
<McCabes_cyclomatic_complexity value="1" level="0" />
<lines_of_comment value="0" level="0" />
<lines_of_code_per_line_of_comment value="------" level="0" />
<McCabes_cyclomatic_complexity_per_line_of_comment value="------" level="0" />
</member_function>
<member_function>
<name>setPosition(const Vector &amp;)</name>
<extent>
<description>definition</description>
<source_reference file="./cdti/Aircraft.h" line="19" />
</extent>
<lines_of_code value="4" level="0" />
<McCabes_cyclomatic_complexity value="0" level="0" />
<lines_of_comment value="0" level="0" />
<lines_of_code_per_line_of_comment value="------" level="0" />
<McCabes_cyclomatic_complexity_per_line_of_comment value="------" level="0" />
</member_function>
<member_function>
<name>setSeverity(const CDTIPlane_Severity &amp;)</name>
<extent>
<description>definition</description>
<source_reference file="./cdti/Aircraft.h" line="29" />
</extent>
<lines_of_code value="4" level="0" />
<McCabes_cyclomatic_complexity value="0" level="0" />
<lines_of_comment value="0" level="0" />
<lines_of_code_per_line_of_comment value="------" level="0" />
<McCabes_cyclomatic_complexity_per_line_of_comment value="------" level="0" />
</member_function>
<member_function>
<name>setVelocity(const Vector &amp;)</name>
<extent>
<description>definition</description>
<source_reference file="./cdti/Aircraft.h" line="24" />
</extent>
<lines_of_code value="4" level="0" />
<McCabes_cyclomatic_complexity value="0" level="0" />
<lines_of_comment value="0" level="0" />
<lines_of_code_per_line_of_comment value="------" level="0" />
<McCabes_cyclomatic_complexity_per_line_of_comment value="------" level="0" />
</member_function>
</procedural_detail>
<structural_detail>
<module>
<name>Aircraft</name>
<client_module>
</client_module>
<supplier_module>
<name>CDTIPlane</name>
<visible>true</visible>
<concrete>false</concrete>
<extent>
<description>pass by reference</description>
<source_reference file="./cdti/Aircraft.cpp" line="48" />
</extent>
<extent>
<description>pass by reference</description>
<source_reference file="./cdti/Aircraft.h" line="16" />
</extent>
<name>QImage</name>
<visible>false</visible>
<concrete>true</concrete>
<extent>
<description>has by value</description>
<source_reference file="./cdti/Aircraft.h" line="13" />
</extent>
<name>Vector</name>
<visible>true</visible>
<concrete>true</concrete>
<extent>
<description>has by value</description>
<source_reference file="./cdti/Aircraft.h" line="11" />
</extent>
<extent>
<description>pass by reference</description>
<source_reference file="./cdti/Aircraft.h" line="19" />
</extent>
<extent>
<description>pass by reference</description>
<source_reference file="./cdti/Aircraft.h" line="24" />
</extent>
</supplier_module>
</module>
</structural_detail>
</CCCC_Project>
