<?xml version="1.0" encoding="utf-8"?>
<!--Detailed report on module AlertMessages-->
<CCCC_Project>
<module_summary>
<lines_of_code value="17" level="0" />
<lines_of_code_per_member_function value="******" level="0" />
<McCabes_cyclomatic_complexity value="1" level="0" />
<McCabes_cyclomatic_complexity_per_member_function value="******" level="2" />
<lines_of_code value="1" level="0" />
<lines_of_code_per_member_function value="********" level="2" />
<lines_of_code_per_line_of_comment value="------" level="0" />
<McCabes_cyclomatic_complexity_per_line_of_comment value="------" level="0" />
<weighted_methods_per_class_unity value="2" level="0" />
<weighted_methods_per_class_visibility value="2" level="0" />
<depth_of_inheritance_tree value="0" level="0" />
<number_of_children value="0" level="0" />
<coupling_between_objects value="3" level="0" />
<IF4 value="4" level="0" />
<IF4_per_member_function value="********" level="2" />
<IF4_visible value="0" level="0" />
<IF4_visible_per_member_function value="********" level="0" />
<IF4_concrete value="0" level="0" />
<IF4_concrete_per_member_function value="********" level="0" />
</module_summary>
<module_detail>
<description>definition</description>
<source_reference file="./cdti/AlertMessages.h" line="9" />
<lines_of_code value="7" level="0" />
<McCabes_cyclomatic_complexity value="0" level="0" />
<lines_of_comment value="0" level="0" />
<lines_of_code_per_line_of_comment value="------" level="0" />
<McCabes_cyclomatic_complexity_per_line_of_comment value="------" level="0" />
</module_detail>
<procedural_detail>
<member_function>
<name>AlertMessages(CDTIEndpoint &amp;)</name>
<extent>
<description>definition</description>
<source_reference file="./cdti/AlertMessages.cpp" line="34" />
</extent>
<extent>
<description>declaration</description>
<source_reference file="./cdti/AlertMessages.h" line="15" />
</extent>
<lines_of_code value="4" level="0" />
<McCabes_cyclomatic_complexity value="0" level="0" />
<lines_of_comment value="0" level="0" />
<lines_of_code_per_line_of_comment value="------" level="0" />
<McCabes_cyclomatic_complexity_per_line_of_comment value="------" level="0" />
</member_function>
<member_function>
<name>getMessage()</name>
<extent>
<description>definition</description>
<source_reference file="./cdti/AlertMessages.cpp" line="39" />
</extent>
<extent>
<description>declaration</description>
<source_reference file="./cdti/AlertMessages.h" line="16" />
</extent>
<lines_of_code value="6" level="0" />
<McCabes_cyclomatic_complexity value="1" level="0" />
<lines_of_comment value="1" level="0" />
<lines_of_code_per_line_of_comment value="------" level="0" />
<McCabes_cyclomatic_complexity_per_line_of_comment value="------" level="0" />
</member_function>
</procedural_detail>
<structural_detail>
<module>
<name>AlertMessages</name>
<client_module>
<name>DisplayController</name>
<visible>false</visible>
<concrete>false</concrete>
<extent>
<description>has by reference</description>
<source_reference file="./cdti/DisplayController.h" line="16" />
</extent>
</client_module>
<supplier_module>
<name>CDTIEndpoint</name>
<visible>true</visible>
<concrete>false</concrete>
<extent>
<description>pass by reference</description>
<source_reference file="./cdti/AlertMessages.cpp" line="34" />
</extent>
<extent>
<description>has by reference</description>
<source_reference file="./cdti/AlertMessages.h" line="12" />
</extent>
<extent>
<description>pass by reference</description>
<source_reference file="./cdti/AlertMessages.h" line="15" />
</extent>
<name>CDTIReport</name>
<visible>false</visible>
<concrete>true</concrete>
<extent>
<description>has by value</description>
<source_reference file="./cdti/AlertMessages.h" line="13" />
</extent>
</supplier_module>
</module>
</structural_detail>
</CCCC_Project>
