<?xml version="1.0" encoding="utf-8"?>
<!--Detailed report on module anonymous-->
<CCCC_Project>
<module_summary>
<lines_of_code value="259" level="0" />
<lines_of_code_per_member_function value="******" level="0" />
<McCabes_cyclomatic_complexity value="31" level="0" />
<McCabes_cyclomatic_complexity_per_member_function value="******" level="2" />
<lines_of_code value="70" level="0" />
<lines_of_code_per_member_function value="********" level="2" />
<lines_of_code_per_line_of_comment value="3.700" level="0" />
<McCabes_cyclomatic_complexity_per_line_of_comment value="0.443" level="0" />
<weighted_methods_per_class_unity value="48" level="0" />
<weighted_methods_per_class_visibility value="5" level="0" />
<depth_of_inheritance_tree value="0" level="0" />
<number_of_children value="0" level="0" />
<coupling_between_objects value="0" level="0" />
<IF4 value="0" level="0" />
<IF4_per_member_function value="********" level="0" />
<IF4_visible value="0" level="0" />
<IF4_visible_per_member_function value="********" level="0" />
<IF4_concrete value="0" level="0" />
<IF4_concrete_per_member_function value="********" level="0" />
</module_summary>
<module_detail>
</module_detail>
<procedural_detail>
<member_function>
<name>CDTIPlane_Severity_IsValid(int)</name>
<extent>
<description>declaration</description>
<source_reference file="./common/protobuf/cdti.pb.h" line="47" />
</extent>
<lines_of_code value="1" level="0" />
<McCabes_cyclomatic_complexity value="0" level="0" />
<lines_of_comment value="0" level="0" />
<lines_of_code_per_line_of_comment value="------" level="0" />
<McCabes_cyclomatic_complexity_per_line_of_comment value="------" level="0" />
</member_function>
<member_function>
<name>CDTIPlane_Severity_Parse(...)</name>
<extent>
<description>definition</description>
<source_reference file="./common/protobuf/cdti.pb.h" line="57" />
</extent>
<lines_of_code value="5" level="0" />
<McCabes_cyclomatic_complexity value="1" level="0" />
<lines_of_comment value="0" level="0" />
<lines_of_code_per_line_of_comment value="------" level="0" />
<McCabes_cyclomatic_complexity_per_line_of_comment value="------" level="0" />
</member_function>
<member_function>
<name>CDTIReport_Severity_IsValid(int)</name>
<extent>
<description>declaration</description>
<source_reference file="./common/protobuf/cdti.pb.h" line="67" />
</extent>
<lines_of_code value="1" level="0" />
<McCabes_cyclomatic_complexity value="0" level="0" />
<lines_of_comment value="0" level="0" />
<lines_of_code_per_line_of_comment value="------" level="0" />
<McCabes_cyclomatic_complexity_per_line_of_comment value="------" level="0" />
</member_function>
<member_function>
<name>CDTIReport_Severity_Parse(...)</name>
<extent>
<description>definition</description>
<source_reference file="./common/protobuf/cdti.pb.h" line="77" />
</extent>
<lines_of_code value="5" level="0" />
<McCabes_cyclomatic_complexity value="1" level="0" />
<lines_of_comment value="0" level="0" />
<lines_of_code_per_line_of_comment value="------" level="0" />
<McCabes_cyclomatic_complexity_per_line_of_comment value="------" level="0" />
</member_function>
<member_function>
<name>SocketSetup(ClientSocket &amp;,ClientSocket &amp;,ClientSocket &amp;,ClientSocket &amp;)</name>
<extent>
<description>definition</description>
<source_reference file="./saa-application/SaaApplication.cpp" line="35" />
</extent>
<lines_of_code value="15" level="0" />
<McCabes_cyclomatic_complexity value="0" level="0" />
<lines_of_comment value="3" level="0" />
<lines_of_code_per_line_of_comment value="------" level="0" />
<McCabes_cyclomatic_complexity_per_line_of_comment value="------" level="0" />
</member_function>
<member_function>
<name>acceptNetworkConnection(Sensor *,SensorEndpoint *)</name>
<extent>
<description>definition</description>
<source_reference file="./test-server/TestEnvironment.cpp" line="19" />
</extent>
<lines_of_code value="11" level="0" />
<McCabes_cyclomatic_complexity value="0" level="0" />
<lines_of_comment value="0" level="0" />
<lines_of_code_per_line_of_comment value="------" level="0" />
<McCabes_cyclomatic_complexity_per_line_of_comment value="------" level="0" />
</member_function>
<member_function>
<name>acceptNetworkConnection(ServerSocket *,ServerSocket *)</name>
<extent>
<description>definition</description>
<source_reference file="./saa-application/SaaApplication.cpp" line="26" />
</extent>
<lines_of_code value="5" level="0" />
<McCabes_cyclomatic_complexity value="0" level="0" />
<lines_of_comment value="0" level="0" />
<lines_of_code_per_line_of_comment value="------" level="0" />
<McCabes_cyclomatic_complexity_per_line_of_comment value="------" level="0" />
</member_function>
<member_function>
<name>addToLatitudeLongitude(Vector3d,Vector3d)</name>
<extent>
<description>definition</description>
<source_reference file="./test-server/planes/TestServerPlane.cpp" line="8" />
</extent>
<lines_of_code value="13" level="0" />
<McCabes_cyclomatic_complexity value="1" level="0" />
<lines_of_comment value="10" level="0" />
<lines_of_code_per_line_of_comment value="------" level="0" />
<McCabes_cyclomatic_complexity_per_line_of_comment value="------" level="0" />
</member_function>
<member_function>
<name>adsbToRelative(AdsBReport,OwnshipReport)</name>
<extent>
<description>definition</description>
<source_reference file="./saa-application/SaaApplication.cpp" line="74" />
</extent>
<lines_of_code value="14" level="0" />
<McCabes_cyclomatic_complexity value="3" level="0" />
<lines_of_comment value="4" level="0" />
<lines_of_code_per_line_of_comment value="------" level="0" />
<McCabes_cyclomatic_complexity_per_line_of_comment value="------" level="0" />
</member_function>
<member_function>
<name>bearingToRadians(float)</name>
<extent>
<description>definition</description>
<source_reference file="./common/Maths.cpp" line="29" />
</extent>
<extent>
<description>declaration</description>
<source_reference file="./common/Maths.h" line="78" />
</extent>
<lines_of_code value="4" level="0" />
<McCabes_cyclomatic_complexity value="1" level="0" />
<lines_of_comment value="0" level="0" />
<lines_of_code_per_line_of_comment value="------" level="0" />
<McCabes_cyclomatic_complexity_per_line_of_comment value="------" level="0" />
</member_function>
<member_function>
<name>calcDistance(float,float,float,float)</name>
<extent>
<description>definition</description>
<source_reference file="./common/Maths.cpp" line="14" />
</extent>
<extent>
<description>declaration</description>
<source_reference file="./common/Maths.h" line="75" />
</extent>
<lines_of_code value="11" level="0" />
<McCabes_cyclomatic_complexity value="1" level="0" />
<lines_of_comment value="3" level="0" />
<lines_of_code_per_line_of_comment value="------" level="0" />
<McCabes_cyclomatic_complexity_per_line_of_comment value="------" level="0" />
</member_function>
<member_function>
<name>calculateCPA(CorrelatedData)</name>
<extent>
<description>definition</description>
<source_reference file="./saa-application/Decision.cpp" line="74" />
</extent>
<lines_of_code value="2" level="0" />
<McCabes_cyclomatic_complexity value="0" level="0" />
<lines_of_comment value="0" level="0" />
<lines_of_code_per_line_of_comment value="------" level="0" />
<McCabes_cyclomatic_complexity_per_line_of_comment value="------" level="0" />
</member_function>
<member_function>
<name>equalsThreshold(float,float,float)</name>
<extent>
<description>definition</description>
<source_reference file="./test-server/Validation/PositionVerificationTest.cpp" line="14" />
</extent>
<lines_of_code value="4" level="0" />
<McCabes_cyclomatic_complexity value="1" level="0" />
<lines_of_comment value="4" level="0" />
<lines_of_code_per_line_of_comment value="------" level="0" />
<McCabes_cyclomatic_complexity_per_line_of_comment value="------" level="0" />
</member_function>
<member_function>
<name>fpsToNmph(float)</name>
<extent>
<description>definition</description>
<source_reference file="./common/Maths.cpp" line="25" />
</extent>
<extent>
<description>declaration</description>
<source_reference file="./common/Maths.h" line="77" />
</extent>
<lines_of_code value="4" level="0" />
<McCabes_cyclomatic_complexity value="1" level="0" />
<lines_of_comment value="0" level="0" />
<lines_of_code_per_line_of_comment value="------" level="0" />
<McCabes_cyclomatic_complexity_per_line_of_comment value="------" level="0" />
</member_function>
<member_function>
<name>getDifference(Vector3d,Vector3d)</name>
<extent>
<description>definition</description>
<source_reference file="./common/Maths.cpp" line="41" />
</extent>
<extent>
<description>declaration</description>
<source_reference file="./common/Maths.h" line="74" />
</extent>
<lines_of_code value="10" level="0" />
<McCabes_cyclomatic_complexity value="3" level="0" />
<lines_of_comment value="0" level="0" />
<lines_of_code_per_line_of_comment value="------" level="0" />
<McCabes_cyclomatic_complexity_per_line_of_comment value="------" level="0" />
</member_function>
<member_function>
<name>makeOwnship()</name>
<extent>
<description>definition</description>
<source_reference file="./cdti/endpoints/mocks/CDTIMockEndpoint.cpp" line="9" />
</extent>
<lines_of_code value="12" level="0" />
<McCabes_cyclomatic_complexity value="1" level="0" />
<lines_of_comment value="2" level="0" />
<lines_of_code_per_line_of_comment value="------" level="0" />
<McCabes_cyclomatic_complexity_per_line_of_comment value="------" level="0" />
</member_function>
<member_function>
<name>makePlane(CDTIPlane *,string,Vector *,CDTIPlane_Severity)</name>
<extent>
<description>definition</description>
<source_reference file="./cdti/endpoints/mocks/CDTIMockEndpoint.cpp" line="26" />
</extent>
<lines_of_code value="12" level="0" />
<McCabes_cyclomatic_complexity value="1" level="0" />
<lines_of_comment value="0" level="0" />
<lines_of_code_per_line_of_comment value="------" level="0" />
<McCabes_cyclomatic_complexity_per_line_of_comment value="------" level="0" />
</member_function>
<member_function>
<name>operator &lt;&lt;(ostream &amp;,CDTIPlane)</name>
<extent>
<description>definition</description>
<source_reference file="./cdti/AlertMessages.cpp" line="11" />
</extent>
<lines_of_code value="8" level="0" />
<McCabes_cyclomatic_complexity value="1" level="0" />
<lines_of_comment value="0" level="0" />
<lines_of_code_per_line_of_comment value="------" level="0" />
<McCabes_cyclomatic_complexity_per_line_of_comment value="------" level="0" />
</member_function>
<member_function>
<name>operator &lt;&lt;(ostream &amp;,CDTIReport)</name>
<extent>
<description>definition</description>
<source_reference file="./cdti/AlertMessages.cpp" line="20" />
</extent>
<lines_of_code value="12" level="0" />
<McCabes_cyclomatic_complexity value="4" level="0" />
<lines_of_comment value="0" level="0" />
<lines_of_code_per_line_of_comment value="------" level="0" />
<McCabes_cyclomatic_complexity_per_line_of_comment value="------" level="0" />
</member_function>
<member_function>
<name>operator &lt;&lt;(ostream &amp;,Vector)</name>
<extent>
<description>definition</description>
<source_reference file="./cdti/AlertMessages.cpp" line="5" />
</extent>
<lines_of_code value="5" level="0" />
<McCabes_cyclomatic_complexity value="1" level="0" />
<lines_of_comment value="0" level="0" />
<lines_of_code_per_line_of_comment value="------" level="0" />
<McCabes_cyclomatic_complexity_per_line_of_comment value="------" level="0" />
</member_function>
<member_function>
<name>operator ==(Vector3d,Vector3d)</name>
<extent>
<description>declaration</description>
<source_reference file="./common/Maths.h" line="42" />
</extent>
<lines_of_code value="1" level="0" />
<McCabes_cyclomatic_complexity value="0" level="0" />
<lines_of_comment value="0" level="0" />
<lines_of_code_per_line_of_comment value="------" level="0" />
<McCabes_cyclomatic_complexity_per_line_of_comment value="------" level="0" />
</member_function>
<member_function>
<name>operator ==(const Vector3d &amp;,const Vector3d &amp;)</name>
<extent>
<description>definition</description>
<source_reference file="./common/Maths.cpp" line="34" />
</extent>
<lines_of_code value="6" level="0" />
<McCabes_cyclomatic_complexity value="3" level="0" />
<lines_of_comment value="0" level="0" />
<lines_of_code_per_line_of_comment value="------" level="0" />
<McCabes_cyclomatic_complexity_per_line_of_comment value="------" level="0" />
</member_function>
<member_function>
<name>ownshipPlane(...)</name>
<extent>
<description>declaration</description>
<source_reference file="./saa-application/SaaApplication.cpp" line="24" />
</extent>
<lines_of_code value="1" level="0" />
<McCabes_cyclomatic_complexity value="0" level="0" />
<lines_of_comment value="0" level="0" />
<lines_of_code_per_line_of_comment value="------" level="0" />
<McCabes_cyclomatic_complexity_per_line_of_comment value="------" level="0" />
</member_function>
<member_function>
<name>processAdsb(ClientSocket &amp;,OwnshipReport &amp;,bool &amp;)</name>
<extent>
<description>definition</description>
<source_reference file="./saa-application/SaaApplication.cpp" line="164" />
</extent>
<lines_of_code value="13" level="0" />
<McCabes_cyclomatic_complexity value="1" level="0" />
<lines_of_comment value="4" level="0" />
<lines_of_code_per_line_of_comment value="------" level="0" />
<McCabes_cyclomatic_complexity_per_line_of_comment value="------" level="0" />
</member_function>
<member_function>
<name>processOwnship(ClientSocket &amp;,OwnshipReport &amp;,bool &amp;)</name>
<extent>
<description>definition</description>
<source_reference file="./saa-application/SaaApplication.cpp" line="148" />
</extent>
<lines_of_code value="10" level="0" />
<McCabes_cyclomatic_complexity value="1" level="0" />
<lines_of_comment value="5" level="0" />
<lines_of_code_per_line_of_comment value="------" level="0" />
<McCabes_cyclomatic_complexity_per_line_of_comment value="------" level="0" />
</member_function>
<member_function>
<name>processRadar(ClientSocket &amp;,OwnshipReport &amp;,bool &amp;)</name>
<extent>
<description>definition</description>
<source_reference file="./saa-application/SaaApplication.cpp" line="200" />
</extent>
<lines_of_code value="13" level="0" />
<McCabes_cyclomatic_complexity value="1" level="0" />
<lines_of_comment value="4" level="0" />
<lines_of_code_per_line_of_comment value="------" level="0" />
<McCabes_cyclomatic_complexity_per_line_of_comment value="------" level="0" />
</member_function>
<member_function>
<name>processTcas(ClientSocket &amp;,OwnshipReport &amp;,bool &amp;)</name>
<extent>
<description>definition</description>
<source_reference file="./saa-application/SaaApplication.cpp" line="182" />
</extent>
<lines_of_code value="13" level="0" />
<McCabes_cyclomatic_complexity value="1" level="0" />
<lines_of_comment value="4" level="0" />
<lines_of_code_per_line_of_comment value="------" level="0" />
<McCabes_cyclomatic_complexity_per_line_of_comment value="------" level="0" />
</member_function>
<member_function>
<name>protobuf_AddDesc_Message_2eproto()</name>
<extent>
<description>declaration</description>
<source_reference file="./common/sockets/Message.pb.h" line="35" />
</extent>
<lines_of_code value="1" level="0" />
<McCabes_cyclomatic_complexity value="0" level="0" />
<lines_of_comment value="1" level="0" />
<lines_of_code_per_line_of_comment value="------" level="0" />
<McCabes_cyclomatic_complexity_per_line_of_comment value="------" level="0" />
</member_function>
<member_function>
<name>protobuf_AddDesc_adsb_2eproto()</name>
<extent>
<description>declaration</description>
<source_reference file="./common/protobuf/adsb.pb.h" line="33" />
</extent>
<lines_of_code value="1" level="0" />
<McCabes_cyclomatic_complexity value="0" level="0" />
<lines_of_comment value="3" level="0" />
<lines_of_code_per_line_of_comment value="------" level="0" />
<McCabes_cyclomatic_complexity_per_line_of_comment value="------" level="0" />
</member_function>
<member_function>
<name>protobuf_AddDesc_cdti_2eproto()</name>
<extent>
<description>declaration</description>
<source_reference file="./common/protobuf/cdti.pb.h" line="34" />
</extent>
<lines_of_code value="1" level="0" />
<McCabes_cyclomatic_complexity value="0" level="0" />
<lines_of_comment value="3" level="0" />
<lines_of_code_per_line_of_comment value="------" level="0" />
<McCabes_cyclomatic_complexity_per_line_of_comment value="------" level="0" />
</member_function>
<member_function>
<name>protobuf_AddDesc_ownship_2eproto()</name>
<extent>
<description>declaration</description>
<source_reference file="./common/protobuf/ownship.pb.h" line="33" />
</extent>
<lines_of_code value="1" level="0" />
<McCabes_cyclomatic_complexity value="0" level="0" />
<lines_of_comment value="3" level="0" />
<lines_of_code_per_line_of_comment value="------" level="0" />
<McCabes_cyclomatic_complexity_per_line_of_comment value="------" level="0" />
</member_function>
<member_function>
<name>protobuf_AddDesc_radar_2eproto()</name>
<extent>
<description>declaration</description>
<source_reference file="./common/protobuf/radar.pb.h" line="33" />
</extent>
<lines_of_code value="1" level="0" />
<McCabes_cyclomatic_complexity value="0" level="0" />
<lines_of_comment value="3" level="0" />
<lines_of_code_per_line_of_comment value="------" level="0" />
<McCabes_cyclomatic_complexity_per_line_of_comment value="------" level="0" />
</member_function>
<member_function>
<name>protobuf_AddDesc_tcas_2eproto()</name>
<extent>
<description>declaration</description>
<source_reference file="./common/protobuf/tcas.pb.h" line="33" />
</extent>
<lines_of_code value="1" level="0" />
<McCabes_cyclomatic_complexity value="0" level="0" />
<lines_of_comment value="3" level="0" />
<lines_of_code_per_line_of_comment value="------" level="0" />
<McCabes_cyclomatic_complexity_per_line_of_comment value="------" level="0" />
</member_function>
<member_function>
<name>protobuf_AssignDesc_Message_2eproto()</name>
<extent>
<description>declaration</description>
<source_reference file="./common/sockets/Message.pb.h" line="36" />
</extent>
<lines_of_code value="1" level="0" />
<McCabes_cyclomatic_complexity value="0" level="0" />
<lines_of_comment value="0" level="0" />
<lines_of_code_per_line_of_comment value="------" level="0" />
<McCabes_cyclomatic_complexity_per_line_of_comment value="------" level="0" />
</member_function>
<member_function>
<name>protobuf_AssignDesc_adsb_2eproto()</name>
<extent>
<description>declaration</description>
<source_reference file="./common/protobuf/adsb.pb.h" line="34" />
</extent>
<lines_of_code value="1" level="0" />
<McCabes_cyclomatic_complexity value="0" level="0" />
<lines_of_comment value="0" level="0" />
<lines_of_code_per_line_of_comment value="------" level="0" />
<McCabes_cyclomatic_complexity_per_line_of_comment value="------" level="0" />
</member_function>
<member_function>
<name>protobuf_AssignDesc_cdti_2eproto()</name>
<extent>
<description>declaration</description>
<source_reference file="./common/protobuf/cdti.pb.h" line="35" />
</extent>
<lines_of_code value="1" level="0" />
<McCabes_cyclomatic_complexity value="0" level="0" />
<lines_of_comment value="0" level="0" />
<lines_of_code_per_line_of_comment value="------" level="0" />
<McCabes_cyclomatic_complexity_per_line_of_comment value="------" level="0" />
</member_function>
<member_function>
<name>protobuf_AssignDesc_ownship_2eproto()</name>
<extent>
<description>declaration</description>
<source_reference file="./common/protobuf/ownship.pb.h" line="34" />
</extent>
<lines_of_code value="1" level="0" />
<McCabes_cyclomatic_complexity value="0" level="0" />
<lines_of_comment value="0" level="0" />
<lines_of_code_per_line_of_comment value="------" level="0" />
<McCabes_cyclomatic_complexity_per_line_of_comment value="------" level="0" />
</member_function>
<member_function>
<name>protobuf_AssignDesc_radar_2eproto()</name>
<extent>
<description>declaration</description>
<source_reference file="./common/protobuf/radar.pb.h" line="34" />
</extent>
<lines_of_code value="1" level="0" />
<McCabes_cyclomatic_complexity value="0" level="0" />
<lines_of_comment value="0" level="0" />
<lines_of_code_per_line_of_comment value="------" level="0" />
<McCabes_cyclomatic_complexity_per_line_of_comment value="------" level="0" />
</member_function>
<member_function>
<name>protobuf_AssignDesc_tcas_2eproto()</name>
<extent>
<description>declaration</description>
<source_reference file="./common/protobuf/tcas.pb.h" line="34" />
</extent>
<lines_of_code value="1" level="0" />
<McCabes_cyclomatic_complexity value="0" level="0" />
<lines_of_comment value="0" level="0" />
<lines_of_code_per_line_of_comment value="------" level="0" />
<McCabes_cyclomatic_complexity_per_line_of_comment value="------" level="0" />
</member_function>
<member_function>
<name>protobuf_ShutdownFile_Message_2eproto()</name>
<extent>
<description>declaration</description>
<source_reference file="./common/sockets/Message.pb.h" line="37" />
</extent>
<lines_of_code value="1" level="0" />
<McCabes_cyclomatic_complexity value="0" level="0" />
<lines_of_comment value="0" level="0" />
<lines_of_code_per_line_of_comment value="------" level="0" />
<McCabes_cyclomatic_complexity_per_line_of_comment value="------" level="0" />
</member_function>
<member_function>
<name>protobuf_ShutdownFile_adsb_2eproto()</name>
<extent>
<description>declaration</description>
<source_reference file="./common/protobuf/adsb.pb.h" line="35" />
</extent>
<lines_of_code value="1" level="0" />
<McCabes_cyclomatic_complexity value="0" level="0" />
<lines_of_comment value="0" level="0" />
<lines_of_code_per_line_of_comment value="------" level="0" />
<McCabes_cyclomatic_complexity_per_line_of_comment value="------" level="0" />
</member_function>
<member_function>
<name>protobuf_ShutdownFile_cdti_2eproto()</name>
<extent>
<description>declaration</description>
<source_reference file="./common/protobuf/cdti.pb.h" line="36" />
</extent>
<lines_of_code value="1" level="0" />
<McCabes_cyclomatic_complexity value="0" level="0" />
<lines_of_comment value="0" level="0" />
<lines_of_code_per_line_of_comment value="------" level="0" />
<McCabes_cyclomatic_complexity_per_line_of_comment value="------" level="0" />
</member_function>
<member_function>
<name>protobuf_ShutdownFile_ownship_2eproto()</name>
<extent>
<description>declaration</description>
<source_reference file="./common/protobuf/ownship.pb.h" line="35" />
</extent>
<lines_of_code value="1" level="0" />
<McCabes_cyclomatic_complexity value="0" level="0" />
<lines_of_comment value="0" level="0" />
<lines_of_code_per_line_of_comment value="------" level="0" />
<McCabes_cyclomatic_complexity_per_line_of_comment value="------" level="0" />
</member_function>
<member_function>
<name>protobuf_ShutdownFile_radar_2eproto()</name>
<extent>
<description>declaration</description>
<source_reference file="./common/protobuf/radar.pb.h" line="35" />
</extent>
<lines_of_code value="1" level="0" />
<McCabes_cyclomatic_complexity value="0" level="0" />
<lines_of_comment value="0" level="0" />
<lines_of_code_per_line_of_comment value="------" level="0" />
<McCabes_cyclomatic_complexity_per_line_of_comment value="------" level="0" />
</member_function>
<member_function>
<name>protobuf_ShutdownFile_tcas_2eproto()</name>
<extent>
<description>declaration</description>
<source_reference file="./common/protobuf/tcas.pb.h" line="35" />
</extent>
<lines_of_code value="1" level="0" />
<McCabes_cyclomatic_complexity value="0" level="0" />
<lines_of_comment value="0" level="0" />
<lines_of_code_per_line_of_comment value="------" level="0" />
<McCabes_cyclomatic_complexity_per_line_of_comment value="------" level="0" />
</member_function>
<member_function>
<name>radarToRelative(RadarReport,OwnshipReport)</name>
<extent>
<description>definition</description>
<source_reference file="./saa-application/SaaApplication.cpp" line="112" />
</extent>
<lines_of_code value="14" level="0" />
<McCabes_cyclomatic_complexity value="1" level="0" />
<lines_of_comment value="4" level="0" />
<lines_of_code_per_line_of_comment value="------" level="0" />
<McCabes_cyclomatic_complexity_per_line_of_comment value="------" level="0" />
</member_function>
<member_function>
<name>tcasToRelative(TcasReport,OwnshipReport)</name>
<extent>
<description>definition</description>
<source_reference file="./saa-application/SaaApplication.cpp" line="93" />
</extent>
<lines_of_code value="13" level="0" />
<McCabes_cyclomatic_complexity value="1" level="0" />
<lines_of_comment value="5" level="0" />
<lines_of_code_per_line_of_comment value="------" level="0" />
<McCabes_cyclomatic_complexity_per_line_of_comment value="------" level="0" />
</member_function>
<member_function>
<name>toRadians(float)</name>
<extent>
<description>definition</description>
<source_reference file="./common/Maths.cpp" line="7" />
</extent>
<lines_of_code value="3" level="0" />
<McCabes_cyclomatic_complexity value="1" level="0" />
<lines_of_comment value="2" level="0" />
<lines_of_code_per_line_of_comment value="------" level="0" />
<McCabes_cyclomatic_complexity_per_line_of_comment value="------" level="0" />
</member_function>
</procedural_detail>
<structural_detail>
<module>
<name>anonymous</name>
<client_module>
</client_module>
<supplier_module>
</supplier_module>
</module>
</structural_detail>
</CCCC_Project>
