<?xml version="1.0" encoding="utf-8"?>
<!--Detailed report on module bool-->
<CCCC_Project>
<module_summary>
<lines_of_code value="0" level="0" />
<lines_of_code_per_member_function value="******" level="0" />
<McCabes_cyclomatic_complexity value="0" level="0" />
<McCabes_cyclomatic_complexity_per_member_function value="******" level="0" />
<lines_of_code value="0" level="0" />
<lines_of_code_per_member_function value="********" level="0" />
<lines_of_code_per_line_of_comment value="------" level="0" />
<McCabes_cyclomatic_complexity_per_line_of_comment value="------" level="0" />
<weighted_methods_per_class_unity value="0" level="0" />
<weighted_methods_per_class_visibility value="0" level="0" />
<depth_of_inheritance_tree value="0" level="0" />
<number_of_children value="0" level="0" />
<coupling_between_objects value="2" level="0" />
<IF4 value="0" level="0" />
<IF4_per_member_function value="********" level="0" />
<IF4_visible value="0" level="0" />
<IF4_visible_per_member_function value="********" level="0" />
<IF4_concrete value="0" level="0" />
<IF4_concrete_per_member_function value="********" level="0" />
</module_summary>
<module_detail>
</module_detail>
<procedural_detail>
</procedural_detail>
<structural_detail>
<module>
<name>bool</name>
<client_module>
<name>Socket</name>
<visible>true</visible>
<concrete>true</concrete>
<extent>
<description>pass by value</description>
<source_reference file="./common/sockets/Socket.cpp" line="177" />
</extent>
<extent>
<description>pass by value</description>
<source_reference file="./common/sockets/Socket.h" line="99" />
</extent>
<name>TestServerPlane</name>
<visible>true</visible>
<concrete>true</concrete>
<extent>
<description>pass by value</description>
<source_reference file="./test-server/planes/TestServerPlane.cpp" line="55" />
</extent>
<extent>
<description>pass by value</description>
<source_reference file="./test-server/planes/TestServerPlane.cpp" line="59" />
</extent>
<extent>
<description>pass by value</description>
<source_reference file="./test-server/planes/TestServerPlane.cpp" line="62" />
</extent>
<extent>
<description>pass by value</description>
<source_reference file="./test-server/planes/TestServerPlane.h" line="24" />
</extent>
<extent>
<description>pass by value</description>
<source_reference file="./test-server/planes/TestServerPlane.h" line="25" />
</extent>
<extent>
<description>pass by value</description>
<source_reference file="./test-server/planes/TestServerPlane.h" line="26" />
</extent>
<extent>
<description>has by value</description>
<source_reference file="./test-server/planes/TestServerPlane.h" line="63" />
</extent>
<extent>
<description>has by value</description>
<source_reference file="./test-server/planes/TestServerPlane.h" line="64" />
</extent>
<extent>
<description>has by value</description>
<source_reference file="./test-server/planes/TestServerPlane.h" line="65" />
</extent>
</client_module>
<supplier_module>
</supplier_module>
</module>
</structural_detail>
</CCCC_Project>
