<?xml version="1.0" encoding="utf-8"?>
<!--Detailed report on module CDTIGUIDisplay-->
<CCCC_Project>
<module_summary>
<lines_of_code value="87" level="0" />
<lines_of_code_per_member_function value="******" level="0" />
<McCabes_cyclomatic_complexity value="9" level="0" />
<McCabes_cyclomatic_complexity_per_member_function value="******" level="2" />
<lines_of_code value="9" level="0" />
<lines_of_code_per_member_function value="********" level="2" />
<lines_of_code_per_line_of_comment value="9.667" level="1" />
<McCabes_cyclomatic_complexity_per_line_of_comment value="1.000" level="0" />
<weighted_methods_per_class_unity value="6" level="0" />
<weighted_methods_per_class_visibility value="0" level="0" />
<depth_of_inheritance_tree value="1" level="0" />
<number_of_children value="0" level="0" />
<coupling_between_objects value="4" level="0" />
<IF4 value="0" level="0" />
<IF4_per_member_function value="********" level="0" />
<IF4_visible value="0" level="0" />
<IF4_visible_per_member_function value="********" level="0" />
<IF4_concrete value="0" level="0" />
<IF4_concrete_per_member_function value="********" level="0" />
</module_summary>
<module_detail>
<description>definition</description>
<source_reference file="./cdti/CDTIGUIDisplay.h" line="11" />
<lines_of_code value="18" level="0" />
<McCabes_cyclomatic_complexity value="0" level="0" />
<lines_of_comment value="0" level="0" />
<lines_of_code_per_line_of_comment value="------" level="0" />
<McCabes_cyclomatic_complexity_per_line_of_comment value="------" level="0" />
</module_detail>
<procedural_detail>
<member_function>
<name>CDTIGUIDisplay()</name>
<extent>
<description>definition</description>
<source_reference file="./cdti/CDTIGUIDisplay.cpp" line="21" />
</extent>
<lines_of_code value="6" level="0" />
<McCabes_cyclomatic_complexity value="0" level="0" />
<lines_of_comment value="0" level="0" />
<lines_of_code_per_line_of_comment value="------" level="0" />
<McCabes_cyclomatic_complexity_per_line_of_comment value="------" level="0" />
</member_function>
<member_function>
<name>CDTIGUIDisplay(int,int)</name>
<extent>
<description>definition</description>
<source_reference file="./cdti/CDTIGUIDisplay.cpp" line="11" />
</extent>
<lines_of_code value="8" level="0" />
<McCabes_cyclomatic_complexity value="0" level="0" />
<lines_of_comment value="0" level="0" />
<lines_of_code_per_line_of_comment value="------" level="0" />
<McCabes_cyclomatic_complexity_per_line_of_comment value="------" level="0" />
</member_function>
<member_function>
<name>init()</name>
<extent>
<description>definition</description>
<source_reference file="./cdti/CDTIGUIDisplay.cpp" line="90" />
</extent>
<lines_of_code value="5" level="0" />
<McCabes_cyclomatic_complexity value="0" level="0" />
<lines_of_comment value="0" level="0" />
<lines_of_code_per_line_of_comment value="------" level="0" />
<McCabes_cyclomatic_complexity_per_line_of_comment value="------" level="0" />
</member_function>
<member_function>
<name>paintEvent(QPaintEvent *)</name>
<extent>
<description>definition</description>
<source_reference file="./cdti/CDTIGUIDisplay.cpp" line="37" />
</extent>
<lines_of_code value="39" level="1" />
<McCabes_cyclomatic_complexity value="9" level="0" />
<lines_of_comment value="8" level="0" />
<lines_of_code_per_line_of_comment value="4.875" level="0" />
<McCabes_cyclomatic_complexity_per_line_of_comment value="1.125" level="0" />
</member_function>
<member_function>
<name>renderReport(CDTIReport &amp;)</name>
<extent>
<description>definition</description>
<source_reference file="./cdti/CDTIGUIDisplay.cpp" line="96" />
</extent>
<lines_of_code value="4" level="0" />
<McCabes_cyclomatic_complexity value="0" level="0" />
<lines_of_comment value="0" level="0" />
<lines_of_code_per_line_of_comment value="------" level="0" />
<McCabes_cyclomatic_complexity_per_line_of_comment value="------" level="0" />
</member_function>
<member_function>
<name>setupLayout()</name>
<extent>
<description>definition</description>
<source_reference file="./cdti/CDTIGUIDisplay.cpp" line="28" />
</extent>
<lines_of_code value="7" level="0" />
<McCabes_cyclomatic_complexity value="0" level="0" />
<lines_of_comment value="1" level="0" />
<lines_of_code_per_line_of_comment value="------" level="0" />
<McCabes_cyclomatic_complexity_per_line_of_comment value="------" level="0" />
</member_function>
</procedural_detail>
<structural_detail>
<module>
<name>CDTIGUIDisplay</name>
<client_module>
</client_module>
<supplier_module>
<name>CDTIReport</name>
<visible>true</visible>
<concrete>false</concrete>
<extent>
<description>pass by reference</description>
<source_reference file="./cdti/CDTIGUIDisplay.cpp" line="96" />
</extent>
<name>Display</name>
<visible>true</visible>
<concrete>true</concrete>
<extent>
<description>inheritance</description>
<source_reference file="./cdti/CDTIGUIDisplay.h" line="11" />
</extent>
<name>QMainWindow</name>
<visible>false</visible>
<concrete>true</concrete>
<extent>
<description>inheritance</description>
<source_reference file="./cdti/CDTIGUIDisplay.h" line="11" />
</extent>
<name>QPaintEvent</name>
<visible>true</visible>
<concrete>false</concrete>
<extent>
<description>pass by reference</description>
<source_reference file="./cdti/CDTIGUIDisplay.cpp" line="37" />
</extent>
</supplier_module>
</module>
</structural_detail>
</CCCC_Project>
