<?xml version="1.0" encoding="utf-8"?>
<!--Detailed report on module CDTIReport-->
<CCCC_Project>
<module_summary>
<lines_of_code value="1" level="0" />
<lines_of_code_per_member_function value="******" level="0" />
<McCabes_cyclomatic_complexity value="0" level="0" />
<McCabes_cyclomatic_complexity_per_member_function value="******" level="0" />
<lines_of_code value="0" level="0" />
<lines_of_code_per_member_function value="********" level="0" />
<lines_of_code_per_line_of_comment value="------" level="0" />
<McCabes_cyclomatic_complexity_per_line_of_comment value="------" level="0" />
<weighted_methods_per_class_unity value="0" level="0" />
<weighted_methods_per_class_visibility value="0" level="0" />
<depth_of_inheritance_tree value="0" level="0" />
<number_of_children value="0" level="0" />
<coupling_between_objects value="5" level="0" />
<IF4 value="0" level="0" />
<IF4_per_member_function value="********" level="0" />
<IF4_visible value="0" level="0" />
<IF4_visible_per_member_function value="********" level="0" />
<IF4_concrete value="0" level="0" />
<IF4_concrete_per_member_function value="********" level="0" />
</module_summary>
<module_detail>
<description>declaration</description>
<source_reference file="./common/protobuf/cdti.pb.h" line="39" />
<lines_of_code value="1" level="0" />
<McCabes_cyclomatic_complexity value="0" level="0" />
<lines_of_comment value="0" level="0" />
<lines_of_code_per_line_of_comment value="------" level="0" />
<McCabes_cyclomatic_complexity_per_line_of_comment value="------" level="0" />
<description>definition</description>
<source_reference file="./common/protobuf/cdti.pb.h" line="365" />
<lines_of_code value="0" level="0" />
<McCabes_cyclomatic_complexity value="0" level="0" />
<lines_of_comment value="0" level="0" />
<lines_of_code_per_line_of_comment value="------" level="0" />
<McCabes_cyclomatic_complexity_per_line_of_comment value="------" level="0" />
</module_detail>
<procedural_detail>
</procedural_detail>
<structural_detail>
<module>
<name>CDTIReport</name>
<client_module>
<name>AlertMessages</name>
<visible>false</visible>
<concrete>true</concrete>
<extent>
<description>has by value</description>
<source_reference file="./cdti/AlertMessages.h" line="13" />
</extent>
<name>CDTIGUIDisplay</name>
<visible>true</visible>
<concrete>false</concrete>
<extent>
<description>pass by reference</description>
<source_reference file="./cdti/CDTIGUIDisplay.cpp" line="96" />
</extent>
<name>CDTIMockEndpoint</name>
<visible>false</visible>
<concrete>true</concrete>
<extent>
<description>has by value</description>
<source_reference file="./cdti/endpoints/mocks/CDTIMockEndpoint.h" line="12" />
</extent>
<name>Display</name>
<visible>true</visible>
<concrete>false</concrete>
<extent>
<description>pass by reference</description>
<source_reference file="./cdti/Display.h" line="13" />
</extent>
<name>TestCaseResult</name>
<visible>true</visible>
<concrete>false</concrete>
<extent>
<description>pass by reference</description>
<source_reference file="./test-server/Validation/TestCaseResult.cpp" line="8" />
</extent>
<extent>
<description>pass by reference</description>
<source_reference file="./test-server/Validation/TestCaseResult.h" line="60" />
</extent>
</client_module>
<supplier_module>
</supplier_module>
</module>
</structural_detail>
</CCCC_Project>
