<?xml version="1.0" encoding="utf-8"?>
<!--Detailed report on module CDTISocketEndpoint-->
<CCCC_Project>
<module_summary>
<lines_of_code value="22" level="0" />
<lines_of_code_per_member_function value="******" level="0" />
<McCabes_cyclomatic_complexity value="2" level="0" />
<McCabes_cyclomatic_complexity_per_member_function value="******" level="2" />
<lines_of_code value="4" level="0" />
<lines_of_code_per_member_function value="********" level="2" />
<lines_of_code_per_line_of_comment value="5.500" level="0" />
<McCabes_cyclomatic_complexity_per_line_of_comment value="------" level="0" />
<weighted_methods_per_class_unity value="3" level="0" />
<weighted_methods_per_class_visibility value="0" level="0" />
<depth_of_inheritance_tree value="1" level="0" />
<number_of_children value="0" level="0" />
<coupling_between_objects value="3" level="0" />
<IF4 value="0" level="0" />
<IF4_per_member_function value="********" level="0" />
<IF4_visible value="0" level="0" />
<IF4_visible_per_member_function value="********" level="0" />
<IF4_concrete value="0" level="0" />
<IF4_concrete_per_member_function value="********" level="0" />
</module_summary>
<module_detail>
<description>definition</description>
<source_reference file="./cdti/endpoints/CDTISocketEndpoint.h" line="10" />
<lines_of_code value="6" level="0" />
<McCabes_cyclomatic_complexity value="0" level="0" />
<lines_of_comment value="2" level="0" />
<lines_of_code_per_line_of_comment value="------" level="0" />
<McCabes_cyclomatic_complexity_per_line_of_comment value="------" level="0" />
</module_detail>
<procedural_detail>
<member_function>
<name>CDTISocketEndpoint(string,int)</name>
<extent>
<description>definition</description>
<source_reference file="./cdti/endpoints/CDTISocketEndpoint.cpp" line="7" />
</extent>
<extent>
<description>declaration</description>
<source_reference file="./cdti/endpoints/CDTISocketEndpoint.h" line="15" />
</extent>
<lines_of_code value="5" level="0" />
<McCabes_cyclomatic_complexity value="0" level="0" />
<lines_of_comment value="2" level="0" />
<lines_of_code_per_line_of_comment value="------" level="0" />
<McCabes_cyclomatic_complexity_per_line_of_comment value="------" level="0" />
</member_function>
<member_function>
<name>isRunning()</name>
<extent>
<description>definition</description>
<source_reference file="./cdti/endpoints/CDTISocketEndpoint.cpp" line="18" />
</extent>
<extent>
<description>declaration</description>
<source_reference file="./cdti/endpoints/CDTISocketEndpoint.h" line="17" />
</extent>
<lines_of_code value="5" level="0" />
<McCabes_cyclomatic_complexity value="1" level="0" />
<lines_of_comment value="0" level="0" />
<lines_of_code_per_line_of_comment value="------" level="0" />
<McCabes_cyclomatic_complexity_per_line_of_comment value="------" level="0" />
</member_function>
<member_function>
<name>operator &gt;&gt;(...)</name>
<extent>
<description>definition</description>
<source_reference file="./cdti/endpoints/CDTISocketEndpoint.cpp" line="12" />
</extent>
<extent>
<description>declaration</description>
<source_reference file="./cdti/endpoints/CDTISocketEndpoint.h" line="16" />
</extent>
<lines_of_code value="6" level="0" />
<McCabes_cyclomatic_complexity value="1" level="0" />
<lines_of_comment value="0" level="0" />
<lines_of_code_per_line_of_comment value="------" level="0" />
<McCabes_cyclomatic_complexity_per_line_of_comment value="------" level="0" />
</member_function>
</procedural_detail>
<structural_detail>
<module>
<name>CDTISocketEndpoint</name>
<client_module>
</client_module>
<supplier_module>
<name>CDTIEndpoint</name>
<visible>true</visible>
<concrete>true</concrete>
<extent>
<description>inheritance</description>
<source_reference file="./cdti/endpoints/CDTISocketEndpoint.h" line="10" />
</extent>
<name>ClientSocket</name>
<visible>false</visible>
<concrete>true</concrete>
<extent>
<description>has by value</description>
<source_reference file="./cdti/endpoints/CDTISocketEndpoint.h" line="13" />
</extent>
<name>string</name>
<visible>true</visible>
<concrete>true</concrete>
<extent>
<description>pass by value</description>
<source_reference file="./cdti/endpoints/CDTISocketEndpoint.cpp" line="7" />
</extent>
<extent>
<description>pass by value</description>
<source_reference file="./cdti/endpoints/CDTISocketEndpoint.h" line="15" />
</extent>
</supplier_module>
</module>
</structural_detail>
</CCCC_Project>
