<?xml version="1.0" encoding="utf-8"?>
<!--Detailed report on module CDTIMockEndpoint-->
<CCCC_Project>
<module_summary>
<lines_of_code value="57" level="0" />
<lines_of_code_per_member_function value="******" level="0" />
<McCabes_cyclomatic_complexity value="3" level="0" />
<McCabes_cyclomatic_complexity_per_member_function value="******" level="2" />
<lines_of_code value="3" level="0" />
<lines_of_code_per_member_function value="********" level="2" />
<lines_of_code_per_line_of_comment value="19.000" level="1" />
<McCabes_cyclomatic_complexity_per_line_of_comment value="------" level="0" />
<weighted_methods_per_class_unity value="4" level="0" />
<weighted_methods_per_class_visibility value="4" level="0" />
<depth_of_inheritance_tree value="1" level="0" />
<number_of_children value="0" level="0" />
<coupling_between_objects value="2" level="0" />
<IF4 value="0" level="0" />
<IF4_per_member_function value="********" level="0" />
<IF4_visible value="0" level="0" />
<IF4_visible_per_member_function value="********" level="0" />
<IF4_concrete value="0" level="0" />
<IF4_concrete_per_member_function value="********" level="0" />
</module_summary>
<module_detail>
<description>definition</description>
<source_reference file="./cdti/endpoints/mocks/CDTIMockEndpoint.h" line="9" />
<lines_of_code value="7" level="0" />
<McCabes_cyclomatic_complexity value="0" level="0" />
<lines_of_comment value="2" level="0" />
<lines_of_code_per_line_of_comment value="------" level="0" />
<McCabes_cyclomatic_complexity_per_line_of_comment value="------" level="0" />
</module_detail>
<procedural_detail>
<member_function>
<name>CDTIMockEndpoint()</name>
<extent>
<description>definition</description>
<source_reference file="./cdti/endpoints/mocks/CDTIMockEndpoint.cpp" line="43" />
</extent>
<extent>
<description>declaration</description>
<source_reference file="./cdti/endpoints/mocks/CDTIMockEndpoint.h" line="15" />
</extent>
<lines_of_code value="21" level="0" />
<McCabes_cyclomatic_complexity value="0" level="0" />
<lines_of_comment value="1" level="0" />
<lines_of_code_per_line_of_comment value="21.000" level="1" />
<McCabes_cyclomatic_complexity_per_line_of_comment value="------" level="0" />
</member_function>
<member_function>
<name>isRunning()</name>
<extent>
<description>definition</description>
<source_reference file="./cdti/endpoints/mocks/CDTIMockEndpoint.cpp" line="96" />
</extent>
<extent>
<description>declaration</description>
<source_reference file="./cdti/endpoints/mocks/CDTIMockEndpoint.h" line="17" />
</extent>
<lines_of_code value="5" level="0" />
<McCabes_cyclomatic_complexity value="1" level="0" />
<lines_of_comment value="0" level="0" />
<lines_of_code_per_line_of_comment value="------" level="0" />
<McCabes_cyclomatic_complexity_per_line_of_comment value="------" level="0" />
</member_function>
<member_function>
<name>operator &gt;&gt;(...)</name>
<extent>
<description>definition</description>
<source_reference file="./cdti/endpoints/mocks/CDTIMockEndpoint.cpp" line="90" />
</extent>
<extent>
<description>declaration</description>
<source_reference file="./cdti/endpoints/mocks/CDTIMockEndpoint.h" line="16" />
</extent>
<lines_of_code value="6" level="0" />
<McCabes_cyclomatic_complexity value="1" level="0" />
<lines_of_comment value="0" level="0" />
<lines_of_code_per_line_of_comment value="------" level="0" />
<McCabes_cyclomatic_complexity_per_line_of_comment value="------" level="0" />
</member_function>
<member_function>
<name>step()</name>
<extent>
<description>definition</description>
<source_reference file="./cdti/endpoints/mocks/CDTIMockEndpoint.cpp" line="69" />
</extent>
<extent>
<description>declaration</description>
<source_reference file="./cdti/endpoints/mocks/CDTIMockEndpoint.h" line="18" />
</extent>
<lines_of_code value="18" level="0" />
<McCabes_cyclomatic_complexity value="1" level="0" />
<lines_of_comment value="0" level="0" />
<lines_of_code_per_line_of_comment value="------" level="0" />
<McCabes_cyclomatic_complexity_per_line_of_comment value="------" level="0" />
</member_function>
</procedural_detail>
<structural_detail>
<module>
<name>CDTIMockEndpoint</name>
<client_module>
</client_module>
<supplier_module>
<name>CDTIEndpoint</name>
<visible>true</visible>
<concrete>true</concrete>
<extent>
<description>inheritance</description>
<source_reference file="./cdti/endpoints/mocks/CDTIMockEndpoint.h" line="9" />
</extent>
<name>CDTIReport</name>
<visible>false</visible>
<concrete>true</concrete>
<extent>
<description>has by value</description>
<source_reference file="./cdti/endpoints/mocks/CDTIMockEndpoint.h" line="12" />
</extent>
</supplier_module>
</module>
</structural_detail>
</CCCC_Project>
