<?xml version="1.0" encoding="utf-8"?>
<!--Detailed report on module CDTIPlane-->
<CCCC_Project>
<module_summary>
<lines_of_code value="78" level="0" />
<lines_of_code_per_member_function value="******" level="0" />
<McCabes_cyclomatic_complexity value="9" level="0" />
<McCabes_cyclomatic_complexity_per_member_function value="******" level="2" />
<lines_of_code value="11" level="0" />
<lines_of_code_per_member_function value="********" level="2" />
<lines_of_code_per_line_of_comment value="7.091" level="1" />
<McCabes_cyclomatic_complexity_per_line_of_comment value="0.818" level="0" />
<weighted_methods_per_class_unity value="19" level="0" />
<weighted_methods_per_class_visibility value="0" level="0" />
<depth_of_inheritance_tree value="0" level="0" />
<number_of_children value="0" level="0" />
<coupling_between_objects value="3" level="0" />
<IF4 value="4" level="0" />
<IF4_per_member_function value="********" level="2" />
<IF4_visible value="4" level="0" />
<IF4_visible_per_member_function value="********" level="2" />
<IF4_concrete value="0" level="0" />
<IF4_concrete_per_member_function value="********" level="0" />
</module_summary>
<module_detail>
<description>declaration</description>
<source_reference file="./common/protobuf/cdti.pb.h" line="38" />
<lines_of_code value="1" level="0" />
<McCabes_cyclomatic_complexity value="0" level="0" />
<lines_of_comment value="0" level="0" />
<lines_of_code_per_line_of_comment value="------" level="0" />
<McCabes_cyclomatic_complexity_per_line_of_comment value="------" level="0" />
<description>definition</description>
<source_reference file="./common/protobuf/cdti.pb.h" line="196" />
<lines_of_code value="0" level="0" />
<McCabes_cyclomatic_complexity value="0" level="0" />
<lines_of_comment value="0" level="0" />
<lines_of_code_per_line_of_comment value="------" level="0" />
<McCabes_cyclomatic_complexity_per_line_of_comment value="------" level="0" />
</module_detail>
<procedural_detail>
<member_function>
<name>clear_has_id()</name>
<extent>
<description>definition</description>
<source_reference file="./common/protobuf/cdti.pb.h" line="621" />
</extent>
<lines_of_code value="3" level="0" />
<McCabes_cyclomatic_complexity value="0" level="0" />
<lines_of_comment value="0" level="0" />
<lines_of_code_per_line_of_comment value="------" level="0" />
<McCabes_cyclomatic_complexity_per_line_of_comment value="------" level="0" />
</member_function>
<member_function>
<name>clear_has_position()</name>
<extent>
<description>definition</description>
<source_reference file="./common/protobuf/cdti.pb.h" line="674" />
</extent>
<lines_of_code value="3" level="0" />
<McCabes_cyclomatic_complexity value="0" level="0" />
<lines_of_comment value="0" level="0" />
<lines_of_code_per_line_of_comment value="------" level="0" />
<McCabes_cyclomatic_complexity_per_line_of_comment value="------" level="0" />
</member_function>
<member_function>
<name>clear_has_velocity()</name>
<extent>
<description>definition</description>
<source_reference file="./common/protobuf/cdti.pb.h" line="717" />
</extent>
<lines_of_code value="3" level="0" />
<McCabes_cyclomatic_complexity value="0" level="0" />
<lines_of_comment value="0" level="0" />
<lines_of_code_per_line_of_comment value="------" level="0" />
<McCabes_cyclomatic_complexity_per_line_of_comment value="------" level="0" />
</member_function>
<member_function>
<name>clear_id()</name>
<extent>
<description>definition</description>
<source_reference file="./common/protobuf/cdti.pb.h" line="624" />
</extent>
<lines_of_code value="4" level="0" />
<McCabes_cyclomatic_complexity value="0" level="0" />
<lines_of_comment value="0" level="0" />
<lines_of_code_per_line_of_comment value="------" level="0" />
<McCabes_cyclomatic_complexity_per_line_of_comment value="------" level="0" />
</member_function>
<member_function>
<name>clear_position()</name>
<extent>
<description>definition</description>
<source_reference file="./common/protobuf/cdti.pb.h" line="677" />
</extent>
<lines_of_code value="4" level="0" />
<McCabes_cyclomatic_complexity value="1" level="0" />
<lines_of_comment value="0" level="0" />
<lines_of_code_per_line_of_comment value="------" level="0" />
<McCabes_cyclomatic_complexity_per_line_of_comment value="------" level="0" />
</member_function>
<member_function>
<name>clear_velocity()</name>
<extent>
<description>definition</description>
<source_reference file="./common/protobuf/cdti.pb.h" line="720" />
</extent>
<lines_of_code value="4" level="0" />
<McCabes_cyclomatic_complexity value="1" level="0" />
<lines_of_comment value="0" level="0" />
<lines_of_code_per_line_of_comment value="------" level="0" />
<McCabes_cyclomatic_complexity_per_line_of_comment value="------" level="0" />
</member_function>
<member_function>
<name>has_id()</name>
<extent>
<description>definition</description>
<source_reference file="./common/protobuf/cdti.pb.h" line="615" />
</extent>
<lines_of_code value="3" level="0" />
<McCabes_cyclomatic_complexity value="1" level="0" />
<lines_of_comment value="3" level="0" />
<lines_of_code_per_line_of_comment value="------" level="0" />
<McCabes_cyclomatic_complexity_per_line_of_comment value="------" level="0" />
</member_function>
<member_function>
<name>has_position()</name>
<extent>
<description>definition</description>
<source_reference file="./common/protobuf/cdti.pb.h" line="668" />
</extent>
<lines_of_code value="3" level="0" />
<McCabes_cyclomatic_complexity value="1" level="0" />
<lines_of_comment value="1" level="0" />
<lines_of_code_per_line_of_comment value="------" level="0" />
<McCabes_cyclomatic_complexity_per_line_of_comment value="------" level="0" />
</member_function>
<member_function>
<name>has_velocity()</name>
<extent>
<description>definition</description>
<source_reference file="./common/protobuf/cdti.pb.h" line="711" />
</extent>
<lines_of_code value="3" level="0" />
<McCabes_cyclomatic_complexity value="1" level="0" />
<lines_of_comment value="1" level="0" />
<lines_of_code_per_line_of_comment value="------" level="0" />
<McCabes_cyclomatic_complexity_per_line_of_comment value="------" level="0" />
</member_function>
<member_function>
<name>mutable_id()</name>
<extent>
<description>definition</description>
<source_reference file="./common/protobuf/cdti.pb.h" line="648" />
</extent>
<lines_of_code value="4" level="0" />
<McCabes_cyclomatic_complexity value="1" level="0" />
<lines_of_comment value="1" level="0" />
<lines_of_code_per_line_of_comment value="------" level="0" />
<McCabes_cyclomatic_complexity_per_line_of_comment value="------" level="0" />
</member_function>
<member_function>
<name>release_id()</name>
<extent>
<description>definition</description>
<source_reference file="./common/protobuf/cdti.pb.h" line="653" />
</extent>
<lines_of_code value="4" level="0" />
<McCabes_cyclomatic_complexity value="1" level="0" />
<lines_of_comment value="0" level="0" />
<lines_of_code_per_line_of_comment value="------" level="0" />
<McCabes_cyclomatic_complexity_per_line_of_comment value="------" level="0" />
</member_function>
<member_function>
<name>set_allocated_id(...)</name>
<extent>
<description>definition</description>
<source_reference file="./common/protobuf/cdti.pb.h" line="657" />
</extent>
<lines_of_code value="8" level="0" />
<McCabes_cyclomatic_complexity value="1" level="0" />
<lines_of_comment value="1" level="0" />
<lines_of_code_per_line_of_comment value="------" level="0" />
<McCabes_cyclomatic_complexity_per_line_of_comment value="------" level="0" />
</member_function>
<member_function>
<name>set_allocated_position(...)</name>
<extent>
<description>definition</description>
<source_reference file="./common/protobuf/cdti.pb.h" line="699" />
</extent>
<lines_of_code value="9" level="0" />
<McCabes_cyclomatic_complexity value="1" level="0" />
<lines_of_comment value="1" level="0" />
<lines_of_code_per_line_of_comment value="------" level="0" />
<McCabes_cyclomatic_complexity_per_line_of_comment value="------" level="0" />
</member_function>
<member_function>
<name>set_has_id()</name>
<extent>
<description>definition</description>
<source_reference file="./common/protobuf/cdti.pb.h" line="618" />
</extent>
<lines_of_code value="3" level="0" />
<McCabes_cyclomatic_complexity value="0" level="0" />
<lines_of_comment value="0" level="0" />
<lines_of_code_per_line_of_comment value="------" level="0" />
<McCabes_cyclomatic_complexity_per_line_of_comment value="------" level="0" />
</member_function>
<member_function>
<name>set_has_position()</name>
<extent>
<description>definition</description>
<source_reference file="./common/protobuf/cdti.pb.h" line="671" />
</extent>
<lines_of_code value="3" level="0" />
<McCabes_cyclomatic_complexity value="0" level="0" />
<lines_of_comment value="0" level="0" />
<lines_of_code_per_line_of_comment value="------" level="0" />
<McCabes_cyclomatic_complexity_per_line_of_comment value="------" level="0" />
</member_function>
<member_function>
<name>set_has_velocity()</name>
<extent>
<description>definition</description>
<source_reference file="./common/protobuf/cdti.pb.h" line="714" />
</extent>
<lines_of_code value="3" level="0" />
<McCabes_cyclomatic_complexity value="0" level="0" />
<lines_of_comment value="0" level="0" />
<lines_of_code_per_line_of_comment value="------" level="0" />
<McCabes_cyclomatic_complexity_per_line_of_comment value="------" level="0" />
</member_function>
<member_function>
<name>set_id(...)</name>
<extent>
<description>definition</description>
<source_reference file="./common/protobuf/cdti.pb.h" line="632" />
</extent>
<lines_of_code value="4" level="0" />
<McCabes_cyclomatic_complexity value="0" level="0" />
<lines_of_comment value="1" level="0" />
<lines_of_code_per_line_of_comment value="------" level="0" />
<McCabes_cyclomatic_complexity_per_line_of_comment value="------" level="0" />
</member_function>
<member_function>
<name>set_id(const char *)</name>
<extent>
<description>definition</description>
<source_reference file="./common/protobuf/cdti.pb.h" line="637" />
</extent>
<lines_of_code value="4" level="0" />
<McCabes_cyclomatic_complexity value="0" level="0" />
<lines_of_comment value="1" level="0" />
<lines_of_code_per_line_of_comment value="------" level="0" />
<McCabes_cyclomatic_complexity_per_line_of_comment value="------" level="0" />
</member_function>
<member_function>
<name>set_id(const char *,size_t)</name>
<extent>
<description>definition</description>
<source_reference file="./common/protobuf/cdti.pb.h" line="642" />
</extent>
<lines_of_code value="5" level="0" />
<McCabes_cyclomatic_complexity value="0" level="0" />
<lines_of_comment value="1" level="0" />
<lines_of_code_per_line_of_comment value="------" level="0" />
<McCabes_cyclomatic_complexity_per_line_of_comment value="------" level="0" />
</member_function>
</procedural_detail>
<structural_detail>
<module>
<name>CDTIPlane</name>
<client_module>
<name>Decision</name>
<visible>true</visible>
<concrete>false</concrete>
<extent>
<description>pass by reference</description>
<source_reference file="./saa-application/Decision.cpp" line="50" />
</extent>
<extent>
<description>pass by reference</description>
<source_reference file="./saa-application/Decision.h" line="15" />
</extent>
<name>ResultPlane</name>
<visible>true</visible>
<concrete>false</concrete>
<extent>
<description>pass by reference</description>
<source_reference file="./test-server/Validation/TestCaseResult.cpp" line="27" />
</extent>
<extent>
<description>pass by reference</description>
<source_reference file="./test-server/Validation/TestCaseResult.h" line="27" />
</extent>
</client_module>
<supplier_module>
<name>size_t</name>
<visible>true</visible>
<concrete>true</concrete>
<extent>
<description>pass by value</description>
<source_reference file="./common/protobuf/cdti.pb.h" line="642" />
</extent>
</supplier_module>
</module>
</structural_detail>
</CCCC_Project>
