<?xml version="1.0" encoding="utf-8"?>
<!--Detailed report on module ClientSocket-->
<CCCC_Project>
<module_summary>
<lines_of_code value="68" level="0" />
<lines_of_code_per_member_function value="******" level="0" />
<McCabes_cyclomatic_complexity value="9" level="0" />
<McCabes_cyclomatic_complexity_per_member_function value="******" level="2" />
<lines_of_code value="45" level="0" />
<lines_of_code_per_member_function value="********" level="2" />
<lines_of_code_per_line_of_comment value="1.511" level="0" />
<McCabes_cyclomatic_complexity_per_line_of_comment value="0.200" level="0" />
<weighted_methods_per_class_unity value="12" level="0" />
<weighted_methods_per_class_visibility value="0" level="0" />
<depth_of_inheritance_tree value="1" level="0" />
<number_of_children value="0" level="0" />
<coupling_between_objects value="7" level="0" />
<IF4 value="144" level="1" />
<IF4_per_member_function value="********" level="2" />
<IF4_visible value="36" level="1" />
<IF4_visible_per_member_function value="********" level="2" />
<IF4_concrete value="36" level="1" />
<IF4_concrete_per_member_function value="********" level="2" />
</module_summary>
<module_detail>
<description>definition</description>
<source_reference file="./common/sockets/ClientSocket.h" line="16" />
<lines_of_code value="8" level="0" />
<McCabes_cyclomatic_complexity value="0" level="0" />
<lines_of_comment value="20" level="0" />
<lines_of_code_per_line_of_comment value="------" level="0" />
<McCabes_cyclomatic_complexity_per_line_of_comment value="------" level="0" />
</module_detail>
<procedural_detail>
<member_function>
<name>ClientSocket()</name>
<extent>
<description>definition</description>
<source_reference file="./common/sockets/ClientSocket.cpp" line="34" />
</extent>
<extent>
<description>declaration</description>
<source_reference file="./common/sockets/ClientSocket.h" line="30" />
</extent>
<lines_of_code value="7" level="0" />
<McCabes_cyclomatic_complexity value="1" level="0" />
<lines_of_comment value="0" level="0" />
<lines_of_code_per_line_of_comment value="------" level="0" />
<McCabes_cyclomatic_complexity_per_line_of_comment value="------" level="0" />
</member_function>
<member_function>
<name>ClientSocket(const ClientSocket &amp;)</name>
<extent>
<description>declaration</description>
<source_reference file="./common/sockets/ClientSocket.h" line="28" />
</extent>
<lines_of_code value="1" level="0" />
<McCabes_cyclomatic_complexity value="0" level="0" />
<lines_of_comment value="0" level="0" />
<lines_of_code_per_line_of_comment value="------" level="0" />
<McCabes_cyclomatic_complexity_per_line_of_comment value="------" level="0" />
</member_function>
<member_function>
<name>ClientSocket(const sockaddr_in)</name>
<extent>
<description>definition</description>
<source_reference file="./common/sockets/ClientSocket.cpp" line="25" />
</extent>
<extent>
<description>declaration</description>
<source_reference file="./common/sockets/ClientSocket.h" line="26" />
</extent>
<lines_of_code value="9" level="0" />
<McCabes_cyclomatic_complexity value="1" level="0" />
<lines_of_comment value="0" level="0" />
<lines_of_code_per_line_of_comment value="------" level="0" />
<McCabes_cyclomatic_complexity_per_line_of_comment value="------" level="0" />
</member_function>
<member_function>
<name>ClientSocket(string,int)</name>
<extent>
<description>definition</description>
<source_reference file="./common/sockets/ClientSocket.cpp" line="15" />
</extent>
<extent>
<description>declaration</description>
<source_reference file="./common/sockets/ClientSocket.h" line="24" />
</extent>
<lines_of_code value="9" level="0" />
<McCabes_cyclomatic_complexity value="1" level="0" />
<lines_of_comment value="5" level="0" />
<lines_of_code_per_line_of_comment value="------" level="0" />
<McCabes_cyclomatic_complexity_per_line_of_comment value="------" level="0" />
</member_function>
<member_function>
<name>connect(const sockaddr_in)</name>
<extent>
<description>declaration</description>
<source_reference file="./common/sockets/ClientSocket.h" line="37" />
</extent>
<lines_of_code value="1" level="0" />
<McCabes_cyclomatic_complexity value="0" level="0" />
<lines_of_comment value="0" level="0" />
<lines_of_code_per_line_of_comment value="------" level="0" />
<McCabes_cyclomatic_complexity_per_line_of_comment value="------" level="0" />
</member_function>
<member_function>
<name>connect(string,int)</name>
<extent>
<description>declaration</description>
<source_reference file="./common/sockets/ClientSocket.h" line="36" />
</extent>
<lines_of_code value="1" level="0" />
<McCabes_cyclomatic_complexity value="0" level="0" />
<lines_of_comment value="0" level="0" />
<lines_of_code_per_line_of_comment value="------" level="0" />
<McCabes_cyclomatic_complexity_per_line_of_comment value="------" level="0" />
</member_function>
<member_function>
<name>hasData()</name>
<extent>
<description>declaration</description>
<source_reference file="./common/sockets/ClientSocket.h" line="66" />
</extent>
<lines_of_code value="1" level="0" />
<McCabes_cyclomatic_complexity value="0" level="0" />
<lines_of_comment value="0" level="0" />
<lines_of_code_per_line_of_comment value="------" level="0" />
<McCabes_cyclomatic_complexity_per_line_of_comment value="------" level="0" />
</member_function>
<member_function>
<name>operator &lt;&lt;(...)</name>
<extent>
<description>definition</description>
<source_reference file="./common/sockets/ClientSocket.cpp" line="61" />
</extent>
<extent>
<description>declaration</description>
<source_reference file="./common/sockets/ClientSocket.h" line="58" />
</extent>
<lines_of_code value="12" level="0" />
<McCabes_cyclomatic_complexity value="2" level="0" />
<lines_of_comment value="5" level="0" />
<lines_of_code_per_line_of_comment value="------" level="0" />
<McCabes_cyclomatic_complexity_per_line_of_comment value="------" level="0" />
</member_function>
<member_function>
<name>operator &lt;&lt;(const string &amp;)</name>
<extent>
<description>definition</description>
<source_reference file="./common/sockets/ClientSocket.cpp" line="44" />
</extent>
<extent>
<description>declaration</description>
<source_reference file="./common/sockets/ClientSocket.h" line="46" />
</extent>
<lines_of_code value="9" level="0" />
<McCabes_cyclomatic_complexity value="2" level="0" />
<lines_of_comment value="5" level="0" />
<lines_of_code_per_line_of_comment value="------" level="0" />
<McCabes_cyclomatic_complexity_per_line_of_comment value="------" level="0" />
</member_function>
<member_function>
<name>operator &gt;&gt;(...)</name>
<extent>
<description>declaration</description>
<source_reference file="./common/sockets/ClientSocket.h" line="64" />
</extent>
<lines_of_code value="1" level="0" />
<McCabes_cyclomatic_complexity value="0" level="0" />
<lines_of_comment value="5" level="0" />
<lines_of_code_per_line_of_comment value="------" level="0" />
<McCabes_cyclomatic_complexity_per_line_of_comment value="------" level="0" />
</member_function>
<member_function>
<name>operator &gt;&gt;(string &amp;)</name>
<extent>
<description>definition</description>
<source_reference file="./common/sockets/ClientSocket.cpp" line="52" />
</extent>
<extent>
<description>declaration</description>
<source_reference file="./common/sockets/ClientSocket.h" line="52" />
</extent>
<lines_of_code value="9" level="0" />
<McCabes_cyclomatic_complexity value="2" level="0" />
<lines_of_comment value="5" level="0" />
<lines_of_code_per_line_of_comment value="------" level="0" />
<McCabes_cyclomatic_complexity_per_line_of_comment value="------" level="0" />
</member_function>
<member_function>
<name>~ClientSocket()</name>
<extent>
<description>definition</description>
<source_reference file="./common/sockets/ClientSocket.h" line="34" />
</extent>
<lines_of_code value="0" level="0" />
<McCabes_cyclomatic_complexity value="0" level="0" />
<lines_of_comment value="0" level="0" />
<lines_of_code_per_line_of_comment value="------" level="0" />
<McCabes_cyclomatic_complexity_per_line_of_comment value="------" level="0" />
</member_function>
</procedural_detail>
<structural_detail>
<module>
<name>ClientSocket</name>
<client_module>
<name>CDTISocketEndpoint</name>
<visible>false</visible>
<concrete>true</concrete>
<extent>
<description>has by value</description>
<source_reference file="./cdti/endpoints/CDTISocketEndpoint.h" line="13" />
</extent>
<name>MockServerSocket</name>
<visible>true</visible>
<concrete>false</concrete>
<extent>
<description>pass by reference</description>
<source_reference file="./common/sockets/mocks/MockServerSocket.h" line="70" />
</extent>
<name>SaaApplication</name>
<visible>true</visible>
<concrete>true</concrete>
<extent>
<description>pass by value</description>
<source_reference file="./saa-application/SaaApplication.cpp" line="220" />
</extent>
<extent>
<description>pass by value</description>
<source_reference file="./saa-application/SaaApplication.cpp" line="220" />
</extent>
<extent>
<description>pass by value</description>
<source_reference file="./saa-application/SaaApplication.cpp" line="220" />
</extent>
<extent>
<description>pass by value</description>
<source_reference file="./saa-application/SaaApplication.cpp" line="220" />
</extent>
<extent>
<description>pass by value</description>
<source_reference file="./saa-application/SaaApplication.h" line="24" />
</extent>
<extent>
<description>pass by value</description>
<source_reference file="./saa-application/SaaApplication.h" line="24" />
</extent>
<extent>
<description>pass by value</description>
<source_reference file="./saa-application/SaaApplication.h" line="24" />
</extent>
<extent>
<description>pass by value</description>
<source_reference file="./saa-application/SaaApplication.h" line="24" />
</extent>
<name>ServerSocket</name>
<visible>true</visible>
<concrete>false</concrete>
<extent>
<description>pass by reference</description>
<source_reference file="./common/sockets/ServerSocket.h" line="67" />
</extent>
</client_module>
<supplier_module>
<name>Socket</name>
<visible>false</visible>
<concrete>true</concrete>
<extent>
<description>inheritance</description>
<source_reference file="./common/sockets/ClientSocket.h" line="16" />
</extent>
<name>sockaddr_in</name>
<visible>true</visible>
<concrete>true</concrete>
<extent>
<description>pass by value</description>
<source_reference file="./common/sockets/ClientSocket.cpp" line="25" />
</extent>
<extent>
<description>pass by value</description>
<source_reference file="./common/sockets/ClientSocket.h" line="26" />
</extent>
<extent>
<description>pass by value</description>
<source_reference file="./common/sockets/ClientSocket.h" line="37" />
</extent>
<name>string</name>
<visible>true</visible>
<concrete>true</concrete>
<extent>
<description>pass by value</description>
<source_reference file="./common/sockets/ClientSocket.cpp" line="15" />
</extent>
<extent>
<description>pass by reference</description>
<source_reference file="./common/sockets/ClientSocket.cpp" line="44" />
</extent>
<extent>
<description>pass by reference</description>
<source_reference file="./common/sockets/ClientSocket.cpp" line="52" />
</extent>
<extent>
<description>pass by value</description>
<source_reference file="./common/sockets/ClientSocket.h" line="24" />
</extent>
<extent>
<description>pass by value</description>
<source_reference file="./common/sockets/ClientSocket.h" line="36" />
</extent>
<extent>
<description>pass by reference</description>
<source_reference file="./common/sockets/ClientSocket.h" line="46" />
</extent>
<extent>
<description>pass by reference</description>
<source_reference file="./common/sockets/ClientSocket.h" line="52" />
</extent>
</supplier_module>
</module>
</structural_detail>
</CCCC_Project>
