<?xml version="1.0" encoding="utf-8"?>
<!--Detailed report on module CorrelatedData-->
<CCCC_Project>
<module_summary>
<lines_of_code value="65" level="0" />
<lines_of_code_per_member_function value="******" level="0" />
<McCabes_cyclomatic_complexity value="7" level="0" />
<McCabes_cyclomatic_complexity_per_member_function value="******" level="2" />
<lines_of_code value="12" level="0" />
<lines_of_code_per_member_function value="********" level="2" />
<lines_of_code_per_line_of_comment value="5.417" level="0" />
<McCabes_cyclomatic_complexity_per_line_of_comment value="0.583" level="0" />
<weighted_methods_per_class_unity value="9" level="0" />
<weighted_methods_per_class_visibility value="3" level="0" />
<depth_of_inheritance_tree value="0" level="0" />
<number_of_children value="0" level="0" />
<coupling_between_objects value="3" level="0" />
<IF4 value="0" level="0" />
<IF4_per_member_function value="********" level="0" />
<IF4_visible value="0" level="0" />
<IF4_visible_per_member_function value="********" level="0" />
<IF4_concrete value="0" level="0" />
<IF4_concrete_per_member_function value="********" level="0" />
</module_summary>
<module_detail>
<description>definition</description>
<source_reference file="./saa-application/CorrelatedData.h" line="11" />
<lines_of_code value="12" level="0" />
<McCabes_cyclomatic_complexity value="0" level="0" />
<lines_of_comment value="4" level="0" />
<lines_of_code_per_line_of_comment value="------" level="0" />
<McCabes_cyclomatic_complexity_per_line_of_comment value="------" level="0" />
</module_detail>
<procedural_detail>
<member_function>
<name>CorrelatedData(float,float,float,float,float,float)</name>
<extent>
<description>definition</description>
<source_reference file="./saa-application/CorrelatedData.h" line="15" />
</extent>
<lines_of_code value="12" level="0" />
<McCabes_cyclomatic_complexity value="0" level="0" />
<lines_of_comment value="1" level="0" />
<lines_of_code_per_line_of_comment value="------" level="0" />
<McCabes_cyclomatic_complexity_per_line_of_comment value="------" level="0" />
</member_function>
<member_function>
<name>addSensor(Sensor,int)</name>
<extent>
<description>definition</description>
<source_reference file="./saa-application/CorrelatedData.h" line="29" />
</extent>
<lines_of_code value="5" level="0" />
<McCabes_cyclomatic_complexity value="0" level="0" />
<lines_of_comment value="1" level="0" />
<lines_of_code_per_line_of_comment value="------" level="0" />
<McCabes_cyclomatic_complexity_per_line_of_comment value="------" level="0" />
</member_function>
<member_function>
<name>getCDTIPlane()</name>
<extent>
<description>definition</description>
<source_reference file="./saa-application/CorrelatedData.h" line="48" />
</extent>
<lines_of_code value="12" level="0" />
<McCabes_cyclomatic_complexity value="2" level="0" />
<lines_of_comment value="2" level="0" />
<lines_of_code_per_line_of_comment value="------" level="0" />
<McCabes_cyclomatic_complexity_per_line_of_comment value="------" level="0" />
</member_function>
<member_function>
<name>getPlaneTags()</name>
<extent>
<description>definition</description>
<source_reference file="./saa-application/CorrelatedData.h" line="77" />
</extent>
<lines_of_code value="4" level="0" />
<McCabes_cyclomatic_complexity value="1" level="0" />
<lines_of_comment value="0" level="0" />
<lines_of_code_per_line_of_comment value="------" level="0" />
<McCabes_cyclomatic_complexity_per_line_of_comment value="------" level="0" />
</member_function>
<member_function>
<name>getPosition()</name>
<extent>
<description>definition</description>
<source_reference file="./saa-application/CorrelatedData.h" line="66" />
</extent>
<lines_of_code value="4" level="0" />
<McCabes_cyclomatic_complexity value="1" level="0" />
<lines_of_comment value="1" level="0" />
<lines_of_code_per_line_of_comment value="------" level="0" />
<McCabes_cyclomatic_complexity_per_line_of_comment value="------" level="0" />
</member_function>
<member_function>
<name>getSensor()</name>
<extent>
<description>definition</description>
<source_reference file="./saa-application/CorrelatedData.h" line="42" />
</extent>
<lines_of_code value="4" level="0" />
<McCabes_cyclomatic_complexity value="1" level="0" />
<lines_of_comment value="1" level="0" />
<lines_of_code_per_line_of_comment value="------" level="0" />
<McCabes_cyclomatic_complexity_per_line_of_comment value="------" level="0" />
</member_function>
<member_function>
<name>getTimeStamp()</name>
<extent>
<description>definition</description>
<source_reference file="./saa-application/CorrelatedData.h" line="82" />
</extent>
<lines_of_code value="4" level="0" />
<McCabes_cyclomatic_complexity value="1" level="0" />
<lines_of_comment value="0" level="0" />
<lines_of_code_per_line_of_comment value="------" level="0" />
<McCabes_cyclomatic_complexity_per_line_of_comment value="------" level="0" />
</member_function>
<member_function>
<name>getVelocity()</name>
<extent>
<description>definition</description>
<source_reference file="./saa-application/CorrelatedData.h" line="72" />
</extent>
<lines_of_code value="4" level="0" />
<McCabes_cyclomatic_complexity value="1" level="0" />
<lines_of_comment value="1" level="0" />
<lines_of_code_per_line_of_comment value="------" level="0" />
<McCabes_cyclomatic_complexity_per_line_of_comment value="------" level="0" />
</member_function>
<member_function>
<name>setTimeStamp(double)</name>
<extent>
<description>definition</description>
<source_reference file="./saa-application/CorrelatedData.h" line="36" />
</extent>
<lines_of_code value="4" level="0" />
<McCabes_cyclomatic_complexity value="0" level="0" />
<lines_of_comment value="1" level="0" />
<lines_of_code_per_line_of_comment value="------" level="0" />
<McCabes_cyclomatic_complexity_per_line_of_comment value="------" level="0" />
</member_function>
</procedural_detail>
<structural_detail>
<module>
<name>CorrelatedData</name>
<client_module>
</client_module>
<supplier_module>
<name>Vector</name>
<visible>true</visible>
<concrete>false</concrete>
<extent>
<description>has by reference</description>
<source_reference file="./saa-application/CorrelatedData.h" line="91" />
</extent>
<extent>
<description>has by reference</description>
<source_reference file="./saa-application/CorrelatedData.h" line="92" />
</extent>
<name>string</name>
<visible>true</visible>
<concrete>true</concrete>
<extent>
<description>has by value</description>
<source_reference file="./saa-application/CorrelatedData.h" line="90" />
</extent>
<name>vector</name>
<visible>true</visible>
<concrete>true</concrete>
<extent>
<description>has by value</description>
<source_reference file="./saa-application/CorrelatedData.h" line="88" />
</extent>
<extent>
<description>has by value</description>
<source_reference file="./saa-application/CorrelatedData.h" line="89" />
</extent>
</supplier_module>
</module>
</structural_detail>
</CCCC_Project>
