<?xml version="1.0" encoding="utf-8"?>
<!--Detailed report on module Correlation-->
<CCCC_Project>
<module_summary>
<lines_of_code value="64" level="0" />
<lines_of_code_per_member_function value="******" level="0" />
<McCabes_cyclomatic_complexity value="10" level="0" />
<McCabes_cyclomatic_complexity_per_member_function value="******" level="2" />
<lines_of_code value="63" level="0" />
<lines_of_code_per_member_function value="********" level="2" />
<lines_of_code_per_line_of_comment value="1.016" level="0" />
<McCabes_cyclomatic_complexity_per_line_of_comment value="0.159" level="0" />
<weighted_methods_per_class_unity value="2" level="0" />
<weighted_methods_per_class_visibility value="1" level="0" />
<depth_of_inheritance_tree value="0" level="0" />
<number_of_children value="0" level="0" />
<coupling_between_objects value="1" level="0" />
<IF4 value="0" level="0" />
<IF4_per_member_function value="********" level="0" />
<IF4_visible value="0" level="0" />
<IF4_visible_per_member_function value="********" level="0" />
<IF4_concrete value="0" level="0" />
<IF4_concrete_per_member_function value="********" level="0" />
</module_summary>
<module_detail>
<description>definition</description>
<source_reference file="./saa-application/Correlation.h" line="11" />
<lines_of_code value="4" level="0" />
<McCabes_cyclomatic_complexity value="0" level="0" />
<lines_of_comment value="2" level="0" />
<lines_of_code_per_line_of_comment value="------" level="0" />
<McCabes_cyclomatic_complexity_per_line_of_comment value="------" level="0" />
</module_detail>
<procedural_detail>
<member_function>
<name>correlate(vector)</name>
<extent>
<description>definition</description>
<source_reference file="./saa-application/Correlation.cpp" line="18" />
</extent>
<extent>
<description>declaration</description>
<source_reference file="./saa-application/Correlation.h" line="16" />
</extent>
<lines_of_code value="55" level="1" />
<McCabes_cyclomatic_complexity value="10" level="0" />
<lines_of_comment value="61" level="0" />
<lines_of_code_per_line_of_comment value="0.902" level="0" />
<McCabes_cyclomatic_complexity_per_line_of_comment value="0.164" level="0" />
</member_function>
<member_function>
<name>report()</name>
<extent>
<description>definition</description>
<source_reference file="./saa-application/Correlation.cpp" line="13" />
</extent>
<extent>
<description>declaration</description>
<source_reference file="./saa-application/Correlation.h" line="14" />
</extent>
<lines_of_code value="5" level="0" />
<McCabes_cyclomatic_complexity value="0" level="0" />
<lines_of_comment value="0" level="0" />
<lines_of_code_per_line_of_comment value="------" level="0" />
<McCabes_cyclomatic_complexity_per_line_of_comment value="------" level="0" />
</member_function>
</procedural_detail>
<structural_detail>
<module>
<name>Correlation</name>
<client_module>
</client_module>
<supplier_module>
<name>vector</name>
<visible>true</visible>
<concrete>true</concrete>
<extent>
<description>pass by value</description>
<source_reference file="./saa-application/Correlation.cpp" line="18" />
</extent>
<extent>
<description>pass by value</description>
<source_reference file="./saa-application/Correlation.h" line="16" />
</extent>
</supplier_module>
</module>
</structural_detail>
</CCCC_Project>
