<?xml version="1.0" encoding="utf-8"?>
<!--Detailed report on module Decision-->
<CCCC_Project>
<module_summary>
<lines_of_code value="54" level="0" />
<lines_of_code_per_member_function value="******" level="0" />
<McCabes_cyclomatic_complexity value="13" level="0" />
<McCabes_cyclomatic_complexity_per_member_function value="******" level="2" />
<lines_of_code value="10" level="0" />
<lines_of_code_per_member_function value="********" level="2" />
<lines_of_code_per_line_of_comment value="5.400" level="0" />
<McCabes_cyclomatic_complexity_per_line_of_comment value="1.300" level="0" />
<weighted_methods_per_class_unity value="2" level="0" />
<weighted_methods_per_class_visibility value="0" level="0" />
<depth_of_inheritance_tree value="0" level="0" />
<number_of_children value="0" level="0" />
<coupling_between_objects value="4" level="0" />
<IF4 value="0" level="0" />
<IF4_per_member_function value="********" level="0" />
<IF4_visible value="0" level="0" />
<IF4_visible_per_member_function value="********" level="0" />
<IF4_concrete value="0" level="0" />
<IF4_concrete_per_member_function value="********" level="0" />
</module_summary>
<module_detail>
<description>definition</description>
<source_reference file="./saa-application/Decision.h" line="10" />
<lines_of_code value="4" level="0" />
<McCabes_cyclomatic_complexity value="0" level="0" />
<lines_of_comment value="2" level="0" />
<lines_of_code_per_line_of_comment value="------" level="0" />
<McCabes_cyclomatic_complexity_per_line_of_comment value="------" level="0" />
</module_detail>
<procedural_detail>
<member_function>
<name>calcAdvisory(vector *,vector *,Severity *,SensorData *)</name>
<extent>
<description>definition</description>
<source_reference file="./saa-application/Decision.cpp" line="11" />
</extent>
<extent>
<description>declaration</description>
<source_reference file="./saa-application/Decision.h" line="13" />
</extent>
<lines_of_code value="32" level="1" />
<McCabes_cyclomatic_complexity value="11" level="1" />
<lines_of_comment value="6" level="0" />
<lines_of_code_per_line_of_comment value="5.333" level="0" />
<McCabes_cyclomatic_complexity_per_line_of_comment value="1.833" level="0" />
</member_function>
<member_function>
<name>generateReport(vector *,CDTIPlane *,Severity *)</name>
<extent>
<description>definition</description>
<source_reference file="./saa-application/Decision.cpp" line="50" />
</extent>
<extent>
<description>declaration</description>
<source_reference file="./saa-application/Decision.h" line="15" />
</extent>
<lines_of_code value="18" level="0" />
<McCabes_cyclomatic_complexity value="2" level="0" />
<lines_of_comment value="2" level="0" />
<lines_of_code_per_line_of_comment value="------" level="0" />
<McCabes_cyclomatic_complexity_per_line_of_comment value="------" level="0" />
</member_function>
</procedural_detail>
<structural_detail>
<module>
<name>Decision</name>
<client_module>
</client_module>
<supplier_module>
<name>CDTIPlane</name>
<visible>true</visible>
<concrete>false</concrete>
<extent>
<description>pass by reference</description>
<source_reference file="./saa-application/Decision.cpp" line="50" />
</extent>
<extent>
<description>pass by reference</description>
<source_reference file="./saa-application/Decision.h" line="15" />
</extent>
<name>SensorData</name>
<visible>true</visible>
<concrete>false</concrete>
<extent>
<description>pass by reference</description>
<source_reference file="./saa-application/Decision.cpp" line="12" />
</extent>
<extent>
<description>pass by reference</description>
<source_reference file="./saa-application/Decision.h" line="14" />
</extent>
<name>Severity</name>
<visible>true</visible>
<concrete>false</concrete>
<extent>
<description>pass by reference</description>
<source_reference file="./saa-application/Decision.cpp" line="12" />
</extent>
<extent>
<description>pass by reference</description>
<source_reference file="./saa-application/Decision.cpp" line="50" />
</extent>
<extent>
<description>pass by reference</description>
<source_reference file="./saa-application/Decision.h" line="14" />
</extent>
<extent>
<description>pass by reference</description>
<source_reference file="./saa-application/Decision.h" line="15" />
</extent>
<name>vector</name>
<visible>true</visible>
<concrete>false</concrete>
<extent>
<description>pass by reference</description>
<source_reference file="./saa-application/Decision.cpp" line="11" />
</extent>
<extent>
<description>pass by reference</description>
<source_reference file="./saa-application/Decision.cpp" line="11" />
</extent>
<extent>
<description>pass by reference</description>
<source_reference file="./saa-application/Decision.cpp" line="50" />
</extent>
<extent>
<description>pass by reference</description>
<source_reference file="./saa-application/Decision.h" line="13" />
</extent>
<extent>
<description>pass by reference</description>
<source_reference file="./saa-application/Decision.h" line="13" />
</extent>
<extent>
<description>pass by reference</description>
<source_reference file="./saa-application/Decision.h" line="15" />
</extent>
</supplier_module>
</module>
</structural_detail>
</CCCC_Project>
