<?xml version="1.0" encoding="utf-8"?>
<!--Detailed report on module DisplayController-->
<CCCC_Project>
<module_summary>
<lines_of_code value="41" level="0" />
<lines_of_code_per_member_function value="******" level="0" />
<McCabes_cyclomatic_complexity value="1" level="0" />
<McCabes_cyclomatic_complexity_per_member_function value="******" level="2" />
<lines_of_code value="29" level="0" />
<lines_of_code_per_member_function value="********" level="2" />
<lines_of_code_per_line_of_comment value="1.414" level="0" />
<McCabes_cyclomatic_complexity_per_line_of_comment value="------" level="0" />
<weighted_methods_per_class_unity value="3" level="0" />
<weighted_methods_per_class_visibility value="3" level="0" />
<depth_of_inheritance_tree value="0" level="0" />
<number_of_children value="0" level="0" />
<coupling_between_objects value="5" level="0" />
<IF4 value="16" level="0" />
<IF4_per_member_function value="********" level="2" />
<IF4_visible value="0" level="0" />
<IF4_visible_per_member_function value="********" level="0" />
<IF4_concrete value="0" level="0" />
<IF4_concrete_per_member_function value="********" level="0" />
</module_summary>
<module_detail>
<description>definition</description>
<source_reference file="./cdti/DisplayController.h" line="11" />
<lines_of_code value="9" level="0" />
<McCabes_cyclomatic_complexity value="0" level="0" />
<lines_of_comment value="0" level="0" />
<lines_of_code_per_line_of_comment value="------" level="0" />
<McCabes_cyclomatic_complexity_per_line_of_comment value="------" level="0" />
</module_detail>
<procedural_detail>
<member_function>
<name>DisplayController(Display &amp;)</name>
<extent>
<description>definition</description>
<source_reference file="./cdti/DisplayController.cpp" line="13" />
</extent>
<extent>
<description>declaration</description>
<source_reference file="./cdti/DisplayController.h" line="24" />
</extent>
<lines_of_code value="15" level="0" />
<McCabes_cyclomatic_complexity value="0" level="0" />
<lines_of_comment value="7" level="0" />
<lines_of_code_per_line_of_comment value="------" level="0" />
<McCabes_cyclomatic_complexity_per_line_of_comment value="------" level="0" />
</member_function>
<member_function>
<name>listenOnSocket()</name>
<extent>
<description>definition</description>
<source_reference file="./cdti/DisplayController.cpp" line="32" />
</extent>
<extent>
<description>declaration</description>
<source_reference file="./cdti/DisplayController.h" line="32" />
</extent>
<lines_of_code value="10" level="0" />
<McCabes_cyclomatic_complexity value="1" level="0" />
<lines_of_comment value="19" level="0" />
<lines_of_code_per_line_of_comment value="------" level="0" />
<McCabes_cyclomatic_complexity_per_line_of_comment value="------" level="0" />
</member_function>
<member_function>
<name>run()</name>
<extent>
<description>definition</description>
<source_reference file="./cdti/DisplayController.cpp" line="6" />
</extent>
<extent>
<description>declaration</description>
<source_reference file="./cdti/DisplayController.h" line="28" />
</extent>
<lines_of_code value="7" level="0" />
<McCabes_cyclomatic_complexity value="0" level="0" />
<lines_of_comment value="3" level="0" />
<lines_of_code_per_line_of_comment value="------" level="0" />
<McCabes_cyclomatic_complexity_per_line_of_comment value="------" level="0" />
</member_function>
</procedural_detail>
<structural_detail>
<module>
<name>DisplayController</name>
<client_module>
<name>Cdti</name>
<visible>false</visible>
<concrete>true</concrete>
<extent>
<description>has by value</description>
<source_reference file="./cdti/CDTI.h" line="13" />
</extent>
</client_module>
<supplier_module>
<name>AlertMessages</name>
<visible>false</visible>
<concrete>false</concrete>
<extent>
<description>has by reference</description>
<source_reference file="./cdti/DisplayController.h" line="16" />
</extent>
<name>CDTIEndpoint</name>
<visible>false</visible>
<concrete>false</concrete>
<extent>
<description>has by reference</description>
<source_reference file="./cdti/DisplayController.h" line="15" />
</extent>
<name>Display</name>
<visible>true</visible>
<concrete>false</concrete>
<extent>
<description>pass by reference</description>
<source_reference file="./cdti/DisplayController.cpp" line="13" />
</extent>
<extent>
<description>has by reference</description>
<source_reference file="./cdti/DisplayController.h" line="14" />
</extent>
<extent>
<description>pass by reference</description>
<source_reference file="./cdti/DisplayController.h" line="24" />
</extent>
<name>thread</name>
<visible>true</visible>
<concrete>false</concrete>
<extent>
<description>has by reference</description>
<source_reference file="./cdti/DisplayController.h" line="17" />
</extent>
</supplier_module>
</module>
</structural_detail>
</CCCC_Project>
