<?xml version="1.0" encoding="utf-8"?>
<!--Detailed report on module LinearMotion-->
<CCCC_Project>
<module_summary>
<lines_of_code value="37" level="0" />
<lines_of_code_per_member_function value="******" level="0" />
<McCabes_cyclomatic_complexity value="4" level="0" />
<McCabes_cyclomatic_complexity_per_member_function value="******" level="2" />
<lines_of_code value="4" level="0" />
<lines_of_code_per_member_function value="********" level="2" />
<lines_of_code_per_line_of_comment value="9.250" level="1" />
<McCabes_cyclomatic_complexity_per_line_of_comment value="------" level="0" />
<weighted_methods_per_class_unity value="7" level="0" />
<weighted_methods_per_class_visibility value="3" level="0" />
<depth_of_inheritance_tree value="1" level="0" />
<number_of_children value="0" level="0" />
<coupling_between_objects value="1" level="0" />
<IF4 value="0" level="0" />
<IF4_per_member_function value="********" level="0" />
<IF4_visible value="0" level="0" />
<IF4_visible_per_member_function value="********" level="0" />
<IF4_concrete value="0" level="0" />
<IF4_concrete_per_member_function value="********" level="0" />
</module_summary>
<module_detail>
<description>definition</description>
<source_reference file="./test-server/planes/LinearMotion.h" line="11" />
<lines_of_code value="10" level="0" />
<McCabes_cyclomatic_complexity value="0" level="0" />
<lines_of_comment value="2" level="0" />
<lines_of_code_per_line_of_comment value="------" level="0" />
<McCabes_cyclomatic_complexity_per_line_of_comment value="------" level="0" />
</module_detail>
<procedural_detail>
<member_function>
<name>LinearMotion(Vector3d,Vector3d)</name>
<extent>
<description>definition</description>
<source_reference file="./test-server/planes/LinearMotion.cpp" line="23" />
</extent>
<extent>
<description>declaration</description>
<source_reference file="./test-server/planes/LinearMotion.h" line="13" />
</extent>
<lines_of_code value="6" level="0" />
<McCabes_cyclomatic_complexity value="0" level="0" />
<lines_of_comment value="0" level="0" />
<lines_of_code_per_line_of_comment value="------" level="0" />
<McCabes_cyclomatic_complexity_per_line_of_comment value="------" level="0" />
</member_function>
<member_function>
<name>LinearMotion(const LinearMotion &amp;)</name>
<extent>
<description>definition</description>
<source_reference file="./test-server/planes/LinearMotion.cpp" line="16" />
</extent>
<extent>
<description>declaration</description>
<source_reference file="./test-server/planes/LinearMotion.h" line="14" />
</extent>
<lines_of_code value="6" level="0" />
<McCabes_cyclomatic_complexity value="0" level="0" />
<lines_of_comment value="0" level="0" />
<lines_of_code_per_line_of_comment value="------" level="0" />
<McCabes_cyclomatic_complexity_per_line_of_comment value="------" level="0" />
</member_function>
<member_function>
<name>clone()</name>
<extent>
<description>definition</description>
<source_reference file="./test-server/planes/LinearMotion.cpp" line="12" />
</extent>
<lines_of_code value="3" level="0" />
<McCabes_cyclomatic_complexity value="1" level="0" />
<lines_of_comment value="0" level="0" />
<lines_of_code_per_line_of_comment value="------" level="0" />
<McCabes_cyclomatic_complexity_per_line_of_comment value="------" level="0" />
</member_function>
<member_function>
<name>getInitialPosition()</name>
<extent>
<description>definition</description>
<source_reference file="./test-server/planes/LinearMotion.cpp" line="38" />
</extent>
<lines_of_code value="3" level="0" />
<McCabes_cyclomatic_complexity value="1" level="0" />
<lines_of_comment value="0" level="0" />
<lines_of_code_per_line_of_comment value="------" level="0" />
<McCabes_cyclomatic_complexity_per_line_of_comment value="------" level="0" />
</member_function>
<member_function>
<name>getMotionAtTick(float)</name>
<extent>
<description>definition</description>
<source_reference file="./test-server/planes/LinearMotion.cpp" line="7" />
</extent>
<lines_of_code value="3" level="0" />
<McCabes_cyclomatic_complexity value="1" level="0" />
<lines_of_comment value="2" level="0" />
<lines_of_code_per_line_of_comment value="------" level="0" />
<McCabes_cyclomatic_complexity_per_line_of_comment value="------" level="0" />
</member_function>
<member_function>
<name>getVelocityAtTick(float)</name>
<extent>
<description>definition</description>
<source_reference file="./test-server/planes/LinearMotion.cpp" line="30" />
</extent>
<lines_of_code value="3" level="0" />
<McCabes_cyclomatic_complexity value="1" level="0" />
<lines_of_comment value="0" level="0" />
<lines_of_code_per_line_of_comment value="------" level="0" />
<McCabes_cyclomatic_complexity_per_line_of_comment value="------" level="0" />
</member_function>
<member_function>
<name>~LinearMotion()</name>
<extent>
<description>definition</description>
<source_reference file="./test-server/planes/LinearMotion.cpp" line="34" />
</extent>
<extent>
<description>declaration</description>
<source_reference file="./test-server/planes/LinearMotion.h" line="16" />
</extent>
<lines_of_code value="3" level="0" />
<McCabes_cyclomatic_complexity value="0" level="0" />
<lines_of_comment value="0" level="0" />
<lines_of_code_per_line_of_comment value="------" level="0" />
<McCabes_cyclomatic_complexity_per_line_of_comment value="------" level="0" />
</member_function>
</procedural_detail>
<structural_detail>
<module>
<name>LinearMotion</name>
<client_module>
</client_module>
<supplier_module>
<name>Motion</name>
<visible>true</visible>
<concrete>true</concrete>
<extent>
<description>inheritance</description>
<source_reference file="./test-server/planes/LinearMotion.h" line="11" />
</extent>
</supplier_module>
</module>
</structural_detail>
</CCCC_Project>
