<?xml version="1.0" encoding="utf-8"?>
<!--Detailed report on module PlaneImage-->
<CCCC_Project>
<module_summary>
<lines_of_code value="46" level="0" />
<lines_of_code_per_member_function value="******" level="0" />
<McCabes_cyclomatic_complexity value="0" level="0" />
<McCabes_cyclomatic_complexity_per_member_function value="******" level="0" />
<lines_of_code value="9" level="0" />
<lines_of_code_per_member_function value="********" level="2" />
<lines_of_code_per_line_of_comment value="5.111" level="0" />
<McCabes_cyclomatic_complexity_per_line_of_comment value="------" level="0" />
<weighted_methods_per_class_unity value="4" level="0" />
<weighted_methods_per_class_visibility value="0" level="0" />
<depth_of_inheritance_tree value="0" level="0" />
<number_of_children value="4" level="0" />
<coupling_between_objects value="10" level="0" />
<IF4 value="576" level="1" />
<IF4_per_member_function value="********" level="2" />
<IF4_visible value="64" level="1" />
<IF4_visible_per_member_function value="********" level="2" />
<IF4_concrete value="400" level="2" />
<IF4_concrete_per_member_function value="********" level="2" />
</module_summary>
<module_detail>
<description>definition</description>
<source_reference file="./cdti/PlaneImage.h" line="11" />
<lines_of_code value="9" level="0" />
<McCabes_cyclomatic_complexity value="0" level="0" />
<lines_of_comment value="3" level="0" />
<lines_of_code_per_line_of_comment value="------" level="0" />
<McCabes_cyclomatic_complexity_per_line_of_comment value="------" level="0" />
</module_detail>
<procedural_detail>
<member_function>
<name>PlaneImage(string,int,int)</name>
<extent>
<description>definition</description>
<source_reference file="./cdti/PlaneImage.cpp" line="9" />
</extent>
<extent>
<description>declaration</description>
<source_reference file="./cdti/PlaneImage.h" line="19" />
</extent>
<lines_of_code value="16" level="0" />
<McCabes_cyclomatic_complexity value="0" level="0" />
<lines_of_comment value="5" level="0" />
<lines_of_code_per_line_of_comment value="------" level="0" />
<McCabes_cyclomatic_complexity_per_line_of_comment value="------" level="0" />
</member_function>
<member_function>
<name>draw(QPaintDevice *,int,int)</name>
<extent>
<description>definition</description>
<source_reference file="./cdti/PlaneImage.cpp" line="33" />
</extent>
<extent>
<description>declaration</description>
<source_reference file="./cdti/PlaneImage.h" line="20" />
</extent>
<lines_of_code value="11" level="0" />
<McCabes_cyclomatic_complexity value="0" level="0" />
<lines_of_comment value="1" level="0" />
<lines_of_code_per_line_of_comment value="------" level="0" />
<McCabes_cyclomatic_complexity_per_line_of_comment value="------" level="0" />
</member_function>
<member_function>
<name>setOutlineColor(int,int,int,int)</name>
<extent>
<description>definition</description>
<source_reference file="./cdti/PlaneImage.cpp" line="45" />
</extent>
<extent>
<description>declaration</description>
<source_reference file="./cdti/PlaneImage.h" line="21" />
</extent>
<lines_of_code value="5" level="0" />
<McCabes_cyclomatic_complexity value="0" level="0" />
<lines_of_comment value="0" level="0" />
<lines_of_code_per_line_of_comment value="------" level="0" />
<McCabes_cyclomatic_complexity_per_line_of_comment value="------" level="0" />
</member_function>
<member_function>
<name>setOutlineWidth(int)</name>
<extent>
<description>definition</description>
<source_reference file="./cdti/PlaneImage.cpp" line="50" />
</extent>
<extent>
<description>declaration</description>
<source_reference file="./cdti/PlaneImage.h" line="22" />
</extent>
<lines_of_code value="5" level="0" />
<McCabes_cyclomatic_complexity value="0" level="0" />
<lines_of_comment value="0" level="0" />
<lines_of_code_per_line_of_comment value="------" level="0" />
<McCabes_cyclomatic_complexity_per_line_of_comment value="------" level="0" />
</member_function>
</procedural_detail>
<structural_detail>
<module>
<name>PlaneImage</name>
<client_module>
<name>Ownship</name>
<visible>true</visible>
<concrete>true</concrete>
<extent>
<description>inheritance</description>
<source_reference file="./cdti/Ownship.h" line="7" />
</extent>
<name>Proximate</name>
<visible>true</visible>
<concrete>true</concrete>
<extent>
<description>inheritance</description>
<source_reference file="./cdti/Proximate.h" line="6" />
</extent>
<name>Resolution</name>
<visible>true</visible>
<concrete>true</concrete>
<extent>
<description>inheritance</description>
<source_reference file="./cdti/Resolution.h" line="6" />
</extent>
<name>Traffic</name>
<visible>true</visible>
<concrete>true</concrete>
<extent>
<description>inheritance</description>
<source_reference file="./cdti/Traffic.h" line="5" />
</extent>
</client_module>
<supplier_module>
<name>QBrush</name>
<visible>false</visible>
<concrete>true</concrete>
<extent>
<description>has by value</description>
<source_reference file="./cdti/PlaneImage.h" line="16" />
</extent>
<name>QImage</name>
<visible>false</visible>
<concrete>true</concrete>
<extent>
<description>has by value</description>
<source_reference file="./cdti/PlaneImage.h" line="14" />
</extent>
<name>QPaintDevice</name>
<visible>true</visible>
<concrete>false</concrete>
<extent>
<description>pass by reference</description>
<source_reference file="./cdti/PlaneImage.cpp" line="33" />
</extent>
<extent>
<description>pass by reference</description>
<source_reference file="./cdti/PlaneImage.h" line="20" />
</extent>
<name>QPainter</name>
<visible>false</visible>
<concrete>true</concrete>
<extent>
<description>has by value</description>
<source_reference file="./cdti/PlaneImage.h" line="15" />
</extent>
<name>QPen</name>
<visible>false</visible>
<concrete>true</concrete>
<extent>
<description>has by value</description>
<source_reference file="./cdti/PlaneImage.h" line="17" />
</extent>
<name>string</name>
<visible>true</visible>
<concrete>true</concrete>
<extent>
<description>pass by value</description>
<source_reference file="./cdti/PlaneImage.cpp" line="9" />
</extent>
<extent>
<description>pass by value</description>
<source_reference file="./cdti/PlaneImage.h" line="19" />
</extent>
</supplier_module>
</module>
</structural_detail>
</CCCC_Project>
