<?xml version="1.0" encoding="utf-8"?>
<!--Detailed report on module PositionVerificationTest-->
<CCCC_Project>
<module_summary>
<lines_of_code value="33" level="0" />
<lines_of_code_per_member_function value="******" level="0" />
<McCabes_cyclomatic_complexity value="7" level="0" />
<McCabes_cyclomatic_complexity_per_member_function value="******" level="2" />
<lines_of_code value="3" level="0" />
<lines_of_code_per_member_function value="********" level="2" />
<lines_of_code_per_line_of_comment value="11.000" level="1" />
<McCabes_cyclomatic_complexity_per_line_of_comment value="2.333" level="0" />
<weighted_methods_per_class_unity value="2" level="0" />
<weighted_methods_per_class_visibility value="0" level="0" />
<depth_of_inheritance_tree value="1" level="0" />
<number_of_children value="0" level="0" />
<coupling_between_objects value="3" level="0" />
<IF4 value="0" level="0" />
<IF4_per_member_function value="********" level="0" />
<IF4_visible value="0" level="0" />
<IF4_visible_per_member_function value="********" level="0" />
<IF4_concrete value="0" level="0" />
<IF4_concrete_per_member_function value="********" level="0" />
</module_summary>
<module_detail>
<description>definition</description>
<source_reference file="./test-server/Validation/PositionVerificationTest.h" line="10" />
<lines_of_code value="4" level="0" />
<McCabes_cyclomatic_complexity value="0" level="0" />
<lines_of_comment value="2" level="0" />
<lines_of_code_per_line_of_comment value="------" level="0" />
<McCabes_cyclomatic_complexity_per_line_of_comment value="------" level="0" />
</module_detail>
<procedural_detail>
<member_function>
<name>PositionVerificationTest(const shared_ptr &amp;)</name>
<extent>
<description>definition</description>
<source_reference file="./test-server/Validation/PositionVerificationTest.h" line="14" />
</extent>
<lines_of_code value="2" level="0" />
<McCabes_cyclomatic_complexity value="0" level="0" />
<lines_of_comment value="0" level="0" />
<lines_of_code_per_line_of_comment value="------" level="0" />
<McCabes_cyclomatic_complexity_per_line_of_comment value="------" level="0" />
</member_function>
<member_function>
<name>verify(TestCaseResult &amp;)</name>
<extent>
<description>definition</description>
<source_reference file="./test-server/Validation/PositionVerificationTest.cpp" line="19" />
</extent>
<extent>
<description>declaration</description>
<source_reference file="./test-server/Validation/PositionVerificationTest.h" line="17" />
</extent>
<lines_of_code value="27" level="0" />
<McCabes_cyclomatic_complexity value="7" level="0" />
<lines_of_comment value="1" level="0" />
<lines_of_code_per_line_of_comment value="27.000" level="1" />
<McCabes_cyclomatic_complexity_per_line_of_comment value="7.000" level="1" />
</member_function>
</procedural_detail>
<structural_detail>
<module>
<name>PositionVerificationTest</name>
<client_module>
</client_module>
<supplier_module>
<name>TestCaseResult</name>
<visible>true</visible>
<concrete>false</concrete>
<extent>
<description>pass by reference</description>
<source_reference file="./test-server/Validation/PositionVerificationTest.cpp" line="19" />
</extent>
<extent>
<description>pass by reference</description>
<source_reference file="./test-server/Validation/PositionVerificationTest.h" line="17" />
</extent>
<name>VerificationTest</name>
<visible>true</visible>
<concrete>true</concrete>
<extent>
<description>inheritance</description>
<source_reference file="./test-server/Validation/PositionVerificationTest.h" line="10" />
</extent>
<name>shared_ptr</name>
<visible>true</visible>
<concrete>false</concrete>
<extent>
<description>pass by reference</description>
<source_reference file="./test-server/Validation/PositionVerificationTest.h" line="14" />
</extent>
</supplier_module>
</module>
</structural_detail>
</CCCC_Project>
