<?xml version="1.0" encoding="utf-8"?>
<!--Detailed report on module RadarSensor-->
<CCCC_Project>
<module_summary>
<lines_of_code value="50" level="0" />
<lines_of_code_per_member_function value="******" level="0" />
<McCabes_cyclomatic_complexity value="4" level="0" />
<McCabes_cyclomatic_complexity_per_member_function value="******" level="2" />
<lines_of_code value="16" level="0" />
<lines_of_code_per_member_function value="********" level="2" />
<lines_of_code_per_line_of_comment value="3.125" level="0" />
<McCabes_cyclomatic_complexity_per_line_of_comment value="------" level="0" />
<weighted_methods_per_class_unity value="6" level="0" />
<weighted_methods_per_class_visibility value="2" level="0" />
<depth_of_inheritance_tree value="0" level="0" />
<number_of_children value="0" level="0" />
<coupling_between_objects value="7" level="0" />
<IF4 value="36" level="0" />
<IF4_per_member_function value="********" level="2" />
<IF4_visible value="0" level="0" />
<IF4_visible_per_member_function value="********" level="0" />
<IF4_concrete value="16" level="0" />
<IF4_concrete_per_member_function value="********" level="2" />
</module_summary>
<module_detail>
<description>definition</description>
<source_reference file="./test-server/endpoints/RadarSensor.h" line="19" />
<lines_of_code value="4" level="0" />
<McCabes_cyclomatic_complexity value="0" level="0" />
<lines_of_comment value="6" level="0" />
<lines_of_code_per_line_of_comment value="------" level="0" />
<McCabes_cyclomatic_complexity_per_line_of_comment value="------" level="0" />
</module_detail>
<procedural_detail>
<member_function>
<name>FRIEND_TEST(RadarSensorTest,testBasicReport)</name>
<extent>
<description>declaration</description>
<source_reference file="./test-server/endpoints/RadarSensor.h" line="27" />
</extent>
<lines_of_code value="1" level="0" />
<McCabes_cyclomatic_complexity value="0" level="0" />
<lines_of_comment value="0" level="0" />
<lines_of_code_per_line_of_comment value="------" level="0" />
<McCabes_cyclomatic_complexity_per_line_of_comment value="------" level="0" />
</member_function>
<member_function>
<name>FRIEND_TEST(RadarSensorTest,testElevation)</name>
<extent>
<description>declaration</description>
<source_reference file="./test-server/endpoints/RadarSensor.h" line="29" />
</extent>
<lines_of_code value="1" level="0" />
<McCabes_cyclomatic_complexity value="0" level="0" />
<lines_of_comment value="0" level="0" />
<lines_of_code_per_line_of_comment value="------" level="0" />
<McCabes_cyclomatic_complexity_per_line_of_comment value="------" level="0" />
</member_function>
<member_function>
<name>FRIEND_TEST(RadarSensorTest,testVelocity)</name>
<extent>
<description>declaration</description>
<source_reference file="./test-server/endpoints/RadarSensor.h" line="28" />
</extent>
<lines_of_code value="1" level="0" />
<McCabes_cyclomatic_complexity value="0" level="0" />
<lines_of_comment value="0" level="0" />
<lines_of_code_per_line_of_comment value="------" level="0" />
<McCabes_cyclomatic_complexity_per_line_of_comment value="------" level="0" />
</member_function>
<member_function>
<name>RadarSensor(SensorEndpoint *)</name>
<extent>
<description>definition</description>
<source_reference file="./test-server/endpoints/RadarSensor.cpp" line="8" />
</extent>
<extent>
<description>declaration</description>
<source_reference file="./test-server/endpoints/RadarSensor.h" line="21" />
</extent>
<lines_of_code value="5" level="0" />
<McCabes_cyclomatic_complexity value="0" level="0" />
<lines_of_comment value="2" level="0" />
<lines_of_code_per_line_of_comment value="------" level="0" />
<McCabes_cyclomatic_complexity_per_line_of_comment value="------" level="0" />
</member_function>
<member_function>
<name>createReport(const TestServerPlane &amp;,const TestServerPlane &amp;)</name>
<extent>
<description>definition</description>
<source_reference file="./test-server/endpoints/RadarSensor.cpp" line="16" />
</extent>
<extent>
<description>declaration</description>
<source_reference file="./test-server/endpoints/RadarSensor.h" line="25" />
</extent>
<lines_of_code value="34" level="1" />
<McCabes_cyclomatic_complexity value="4" level="0" />
<lines_of_comment value="8" level="0" />
<lines_of_code_per_line_of_comment value="4.250" level="0" />
<McCabes_cyclomatic_complexity_per_line_of_comment value="------" level="0" />
</member_function>
<member_function>
<name>sendData(const TestServerPlane &amp;,const TestServerPlane &amp;)</name>
<extent>
<description>definition</description>
<source_reference file="./test-server/endpoints/RadarSensor.cpp" line="63" />
</extent>
<extent>
<description>declaration</description>
<source_reference file="./test-server/endpoints/RadarSensor.h" line="22" />
</extent>
<lines_of_code value="4" level="0" />
<McCabes_cyclomatic_complexity value="0" level="0" />
<lines_of_comment value="0" level="0" />
<lines_of_code_per_line_of_comment value="------" level="0" />
<McCabes_cyclomatic_complexity_per_line_of_comment value="------" level="0" />
</member_function>
</procedural_detail>
<structural_detail>
<module>
<name>RadarSensor</name>
<client_module>
<name>TestEnvironment</name>
<visible>false</visible>
<concrete>true</concrete>
<extent>
<description>has by value</description>
<source_reference file="./test-server/TestEnvironment.h" line="28" />
</extent>
</client_module>
<supplier_module>
<name>RadarSensorTest</name>
<visible>false</visible>
<concrete>true</concrete>
<extent>
<description>pass by value</description>
<source_reference file="./test-server/endpoints/RadarSensor.h" line="27" />
</extent>
<extent>
<description>pass by value</description>
<source_reference file="./test-server/endpoints/RadarSensor.h" line="28" />
</extent>
<extent>
<description>pass by value</description>
<source_reference file="./test-server/endpoints/RadarSensor.h" line="29" />
</extent>
<name>SensorEndpoint</name>
<visible>true</visible>
<concrete>false</concrete>
<extent>
<description>pass by reference</description>
<source_reference file="./test-server/endpoints/RadarSensor.cpp" line="8" />
</extent>
<extent>
<description>pass by reference</description>
<source_reference file="./test-server/endpoints/RadarSensor.h" line="21" />
</extent>
<name>TestServerPlane</name>
<visible>true</visible>
<concrete>false</concrete>
<extent>
<description>pass by reference</description>
<source_reference file="./test-server/endpoints/RadarSensor.cpp" line="16" />
</extent>
<extent>
<description>pass by reference</description>
<source_reference file="./test-server/endpoints/RadarSensor.cpp" line="16" />
</extent>
<extent>
<description>pass by reference</description>
<source_reference file="./test-server/endpoints/RadarSensor.cpp" line="63" />
</extent>
<extent>
<description>pass by reference</description>
<source_reference file="./test-server/endpoints/RadarSensor.cpp" line="63" />
</extent>
<extent>
<description>pass by reference</description>
<source_reference file="./test-server/endpoints/RadarSensor.h" line="22" />
</extent>
<extent>
<description>pass by reference</description>
<source_reference file="./test-server/endpoints/RadarSensor.h" line="22" />
</extent>
<extent>
<description>pass by reference</description>
<source_reference file="./test-server/endpoints/RadarSensor.h" line="25" />
</extent>
<extent>
<description>pass by reference</description>
<source_reference file="./test-server/endpoints/RadarSensor.h" line="25" />
</extent>
<name>testBasicReport</name>
<visible>false</visible>
<concrete>true</concrete>
<extent>
<description>pass by value</description>
<source_reference file="./test-server/endpoints/RadarSensor.h" line="27" />
</extent>
<name>testElevation</name>
<visible>false</visible>
<concrete>true</concrete>
<extent>
<description>pass by value</description>
<source_reference file="./test-server/endpoints/RadarSensor.h" line="29" />
</extent>
<name>testVelocity</name>
<visible>false</visible>
<concrete>true</concrete>
<extent>
<description>pass by value</description>
<source_reference file="./test-server/endpoints/RadarSensor.h" line="28" />
</extent>
</supplier_module>
</module>
</structural_detail>
</CCCC_Project>
