<?xml version="1.0" encoding="utf-8"?>
<!--Detailed report on module ResultPlane-->
<CCCC_Project>
<module_summary>
<lines_of_code value="44" level="0" />
<lines_of_code_per_member_function value="******" level="0" />
<McCabes_cyclomatic_complexity value="5" level="0" />
<McCabes_cyclomatic_complexity_per_member_function value="******" level="2" />
<lines_of_code value="26" level="0" />
<lines_of_code_per_member_function value="********" level="2" />
<lines_of_code_per_line_of_comment value="1.692" level="0" />
<McCabes_cyclomatic_complexity_per_line_of_comment value="0.192" level="0" />
<weighted_methods_per_class_unity value="6" level="0" />
<weighted_methods_per_class_visibility value="4" level="0" />
<depth_of_inheritance_tree value="0" level="0" />
<number_of_children value="0" level="0" />
<coupling_between_objects value="3" level="0" />
<IF4 value="4" level="0" />
<IF4_per_member_function value="********" level="2" />
<IF4_visible value="4" level="0" />
<IF4_visible_per_member_function value="********" level="2" />
<IF4_concrete value="1" level="0" />
<IF4_concrete_per_member_function value="********" level="2" />
</module_summary>
<module_detail>
<description>definition</description>
<source_reference file="./test-server/Validation/TestCaseResult.h" line="15" />
<lines_of_code value="9" level="0" />
<McCabes_cyclomatic_complexity value="0" level="0" />
<lines_of_comment value="5" level="0" />
<lines_of_code_per_line_of_comment value="------" level="0" />
<McCabes_cyclomatic_complexity_per_line_of_comment value="------" level="0" />
</module_detail>
<procedural_detail>
<member_function>
<name>ResultPlane()</name>
<extent>
<description>definition</description>
<source_reference file="./test-server/Validation/TestCaseResult.cpp" line="56" />
</extent>
<extent>
<description>declaration</description>
<source_reference file="./test-server/Validation/TestCaseResult.h" line="21" />
</extent>
<lines_of_code value="6" level="0" />
<McCabes_cyclomatic_complexity value="0" level="0" />
<lines_of_comment value="3" level="0" />
<lines_of_code_per_line_of_comment value="------" level="0" />
<McCabes_cyclomatic_complexity_per_line_of_comment value="------" level="0" />
</member_function>
<member_function>
<name>fromGoogleProtobuf(const CDTIPlane &amp;)</name>
<extent>
<description>definition</description>
<source_reference file="./test-server/Validation/TestCaseResult.cpp" line="27" />
</extent>
<extent>
<description>declaration</description>
<source_reference file="./test-server/Validation/TestCaseResult.h" line="27" />
</extent>
<lines_of_code value="9" level="0" />
<McCabes_cyclomatic_complexity value="1" level="0" />
<lines_of_comment value="4" level="0" />
<lines_of_code_per_line_of_comment value="------" level="0" />
<McCabes_cyclomatic_complexity_per_line_of_comment value="------" level="0" />
</member_function>
<member_function>
<name>getPosition()</name>
<extent>
<description>definition</description>
<source_reference file="./test-server/Validation/TestCaseResult.cpp" line="41" />
</extent>
<extent>
<description>declaration</description>
<source_reference file="./test-server/Validation/TestCaseResult.h" line="32" />
</extent>
<lines_of_code value="5" level="0" />
<McCabes_cyclomatic_complexity value="1" level="0" />
<lines_of_comment value="4" level="0" />
<lines_of_code_per_line_of_comment value="------" level="0" />
<McCabes_cyclomatic_complexity_per_line_of_comment value="------" level="0" />
</member_function>
<member_function>
<name>getSeverity()</name>
<extent>
<description>definition</description>
<source_reference file="./test-server/Validation/TestCaseResult.cpp" line="51" />
</extent>
<extent>
<description>declaration</description>
<source_reference file="./test-server/Validation/TestCaseResult.h" line="46" />
</extent>
<lines_of_code value="5" level="0" />
<McCabes_cyclomatic_complexity value="1" level="0" />
<lines_of_comment value="3" level="0" />
<lines_of_code_per_line_of_comment value="------" level="0" />
<McCabes_cyclomatic_complexity_per_line_of_comment value="------" level="0" />
</member_function>
<member_function>
<name>getTag()</name>
<extent>
<description>definition</description>
<source_reference file="./test-server/Validation/TestCaseResult.cpp" line="46" />
</extent>
<extent>
<description>declaration</description>
<source_reference file="./test-server/Validation/TestCaseResult.h" line="42" />
</extent>
<lines_of_code value="5" level="0" />
<McCabes_cyclomatic_complexity value="1" level="0" />
<lines_of_comment value="3" level="0" />
<lines_of_code_per_line_of_comment value="------" level="0" />
<McCabes_cyclomatic_complexity_per_line_of_comment value="------" level="0" />
</member_function>
<member_function>
<name>getVelocity()</name>
<extent>
<description>definition</description>
<source_reference file="./test-server/Validation/TestCaseResult.cpp" line="36" />
</extent>
<extent>
<description>declaration</description>
<source_reference file="./test-server/Validation/TestCaseResult.h" line="38" />
</extent>
<lines_of_code value="5" level="0" />
<McCabes_cyclomatic_complexity value="1" level="0" />
<lines_of_comment value="4" level="0" />
<lines_of_code_per_line_of_comment value="------" level="0" />
<McCabes_cyclomatic_complexity_per_line_of_comment value="------" level="0" />
</member_function>
</procedural_detail>
<structural_detail>
<module>
<name>ResultPlane</name>
<client_module>
<name>TestCaseResult</name>
<visible>true</visible>
<concrete>true</concrete>
<extent>
<description>has by value</description>
<source_reference file="./test-server/Validation/TestCaseResult.h" line="68" />
</extent>
</client_module>
<supplier_module>
<name>CDTIPlane</name>
<visible>true</visible>
<concrete>false</concrete>
<extent>
<description>pass by reference</description>
<source_reference file="./test-server/Validation/TestCaseResult.cpp" line="27" />
</extent>
<extent>
<description>pass by reference</description>
<source_reference file="./test-server/Validation/TestCaseResult.h" line="27" />
</extent>
<name>string</name>
<visible>true</visible>
<concrete>true</concrete>
<extent>
<description>has by value</description>
<source_reference file="./test-server/Validation/TestCaseResult.h" line="51" />
</extent>
</supplier_module>
</module>
</structural_detail>
</CCCC_Project>
