<?xml version="1.0" encoding="utf-8"?>
<!--Detailed report on module SaaApplication-->
<CCCC_Project>
<module_summary>
<lines_of_code value="77" level="0" />
<lines_of_code_per_member_function value="******" level="0" />
<McCabes_cyclomatic_complexity value="6" level="0" />
<McCabes_cyclomatic_complexity_per_member_function value="******" level="2" />
<lines_of_code value="13" level="0" />
<lines_of_code_per_member_function value="********" level="2" />
<lines_of_code_per_line_of_comment value="5.923" level="0" />
<McCabes_cyclomatic_complexity_per_line_of_comment value="0.462" level="0" />
<weighted_methods_per_class_unity value="5" level="0" />
<weighted_methods_per_class_visibility value="3" level="0" />
<depth_of_inheritance_tree value="0" level="0" />
<number_of_children value="0" level="0" />
<coupling_between_objects value="3" level="0" />
<IF4 value="0" level="0" />
<IF4_per_member_function value="********" level="0" />
<IF4_visible value="0" level="0" />
<IF4_visible_per_member_function value="********" level="0" />
<IF4_concrete value="0" level="0" />
<IF4_concrete_per_member_function value="********" level="0" />
</module_summary>
<module_detail>
<description>definition</description>
<source_reference file="./saa-application/SaaApplication.h" line="14" />
<lines_of_code value="9" level="0" />
<McCabes_cyclomatic_complexity value="0" level="0" />
<lines_of_comment value="2" level="0" />
<lines_of_code_per_line_of_comment value="------" level="0" />
<McCabes_cyclomatic_complexity_per_line_of_comment value="------" level="0" />
</module_detail>
<procedural_detail>
<member_function>
<name>getCdtiSocket()</name>
<extent>
<description>definition</description>
<source_reference file="./saa-application/SaaApplication.cpp" line="51" />
</extent>
<extent>
<description>declaration</description>
<source_reference file="./saa-application/SaaApplication.h" line="18" />
</extent>
<lines_of_code value="5" level="0" />
<McCabes_cyclomatic_complexity value="1" level="0" />
<lines_of_comment value="0" level="0" />
<lines_of_code_per_line_of_comment value="------" level="0" />
<McCabes_cyclomatic_complexity_per_line_of_comment value="------" level="0" />
</member_function>
<member_function>
<name>initSocks()</name>
<extent>
<description>definition</description>
<source_reference file="./saa-application/SaaApplication.cpp" line="128" />
</extent>
<extent>
<description>declaration</description>
<source_reference file="./saa-application/SaaApplication.h" line="17" />
</extent>
<lines_of_code value="10" level="0" />
<McCabes_cyclomatic_complexity value="0" level="0" />
<lines_of_comment value="5" level="0" />
<lines_of_code_per_line_of_comment value="------" level="0" />
<McCabes_cyclomatic_complexity_per_line_of_comment value="------" level="0" />
</member_function>
<member_function>
<name>processSensors(ClientSocket,ClientSocket,ClientSocket,ClientSocket)</name>
<extent>
<description>definition</description>
<source_reference file="./saa-application/SaaApplication.cpp" line="220" />
</extent>
<extent>
<description>declaration</description>
<source_reference file="./saa-application/SaaApplication.h" line="24" />
</extent>
<lines_of_code value="39" level="1" />
<McCabes_cyclomatic_complexity value="4" level="0" />
<lines_of_comment value="6" level="0" />
<lines_of_code_per_line_of_comment value="6.500" level="0" />
<McCabes_cyclomatic_complexity_per_line_of_comment value="------" level="0" />
</member_function>
<member_function>
<name>setupSockets(int)</name>
<extent>
<description>definition</description>
<source_reference file="./saa-application/SaaApplication.cpp" line="56" />
</extent>
<extent>
<description>declaration</description>
<source_reference file="./saa-application/SaaApplication.h" line="21" />
</extent>
<lines_of_code value="6" level="0" />
<McCabes_cyclomatic_complexity value="0" level="0" />
<lines_of_comment value="0" level="0" />
<lines_of_code_per_line_of_comment value="------" level="0" />
<McCabes_cyclomatic_complexity_per_line_of_comment value="------" level="0" />
</member_function>
<member_function>
<name>shutdown()</name>
<extent>
<description>definition</description>
<source_reference file="./saa-application/SaaApplication.cpp" line="62" />
</extent>
<extent>
<description>declaration</description>
<source_reference file="./saa-application/SaaApplication.h" line="19" />
</extent>
<lines_of_code value="8" level="0" />
<McCabes_cyclomatic_complexity value="1" level="0" />
<lines_of_comment value="0" level="0" />
<lines_of_code_per_line_of_comment value="------" level="0" />
<McCabes_cyclomatic_complexity_per_line_of_comment value="------" level="0" />
</member_function>
</procedural_detail>
<structural_detail>
<module>
<name>SaaApplication</name>
<client_module>
</client_module>
<supplier_module>
<name>ClientSocket</name>
<visible>true</visible>
<concrete>true</concrete>
<extent>
<description>pass by value</description>
<source_reference file="./saa-application/SaaApplication.cpp" line="220" />
</extent>
<extent>
<description>pass by value</description>
<source_reference file="./saa-application/SaaApplication.cpp" line="220" />
</extent>
<extent>
<description>pass by value</description>
<source_reference file="./saa-application/SaaApplication.cpp" line="220" />
</extent>
<extent>
<description>pass by value</description>
<source_reference file="./saa-application/SaaApplication.cpp" line="220" />
</extent>
<extent>
<description>pass by value</description>
<source_reference file="./saa-application/SaaApplication.h" line="24" />
</extent>
<extent>
<description>pass by value</description>
<source_reference file="./saa-application/SaaApplication.h" line="24" />
</extent>
<extent>
<description>pass by value</description>
<source_reference file="./saa-application/SaaApplication.h" line="24" />
</extent>
<extent>
<description>pass by value</description>
<source_reference file="./saa-application/SaaApplication.h" line="24" />
</extent>
<name>ServerSocket</name>
<visible>true</visible>
<concrete>true</concrete>
<extent>
<description>has by reference</description>
<source_reference file="./saa-application/SaaApplication.h" line="23" />
</extent>
<extent>
<description>has by value</description>
<source_reference file="./saa-application/SaaApplication.h" line="25" />
</extent>
<extent>
<description>has by value</description>
<source_reference file="./saa-application/SaaApplication.h" line="26" />
</extent>
<name>vector</name>
<visible>true</visible>
<concrete>true</concrete>
<extent>
<description>has by value</description>
<source_reference file="./saa-application/SaaApplication.h" line="22" />
</extent>
</supplier_module>
</module>
</structural_detail>
</CCCC_Project>
