<?xml version="1.0" encoding="utf-8"?>
<!--Detailed report on module SensorData-->
<CCCC_Project>
<module_summary>
<lines_of_code value="75" level="0" />
<lines_of_code_per_member_function value="******" level="0" />
<McCabes_cyclomatic_complexity value="6" level="0" />
<McCabes_cyclomatic_complexity_per_member_function value="******" level="2" />
<lines_of_code value="5" level="0" />
<lines_of_code_per_member_function value="********" level="2" />
<lines_of_code_per_line_of_comment value="15.000" level="1" />
<McCabes_cyclomatic_complexity_per_line_of_comment value="1.200" level="0" />
<weighted_methods_per_class_unity value="8" level="0" />
<weighted_methods_per_class_visibility value="0" level="0" />
<depth_of_inheritance_tree value="0" level="0" />
<number_of_children value="0" level="0" />
<coupling_between_objects value="4" level="0" />
<IF4 value="9" level="0" />
<IF4_per_member_function value="********" level="2" />
<IF4_visible value="4" level="0" />
<IF4_visible_per_member_function value="********" level="2" />
<IF4_concrete value="0" level="0" />
<IF4_concrete_per_member_function value="********" level="0" />
</module_summary>
<module_detail>
<description>definition</description>
<source_reference file="./saa-application/SensorData.h" line="24" />
<lines_of_code value="17" level="0" />
<McCabes_cyclomatic_complexity value="0" level="0" />
<lines_of_comment value="0" level="0" />
<lines_of_code_per_line_of_comment value="------" level="0" />
<McCabes_cyclomatic_complexity_per_line_of_comment value="------" level="0" />
</module_detail>
<procedural_detail>
<member_function>
<name>SensorData(string,float,float,float,float,float,float,Sensor,int,double)</name>
<extent>
<description>definition</description>
<source_reference file="./saa-application/SensorData.h" line="31" />
</extent>
<lines_of_code value="18" level="0" />
<McCabes_cyclomatic_complexity value="0" level="0" />
<lines_of_comment value="2" level="0" />
<lines_of_code_per_line_of_comment value="------" level="0" />
<McCabes_cyclomatic_complexity_per_line_of_comment value="------" level="0" />
</member_function>
<member_function>
<name>getCDTIPlane()</name>
<extent>
<description>definition</description>
<source_reference file="./saa-application/SensorData.cpp" line="7" />
</extent>
<extent>
<description>declaration</description>
<source_reference file="./saa-application/SensorData.h" line="60" />
</extent>
<lines_of_code value="11" level="0" />
<McCabes_cyclomatic_complexity value="1" level="0" />
<lines_of_comment value="2" level="0" />
<lines_of_code_per_line_of_comment value="------" level="0" />
<McCabes_cyclomatic_complexity_per_line_of_comment value="------" level="0" />
</member_function>
<member_function>
<name>getPlaneTag()</name>
<extent>
<description>definition</description>
<source_reference file="./saa-application/SensorData.h" line="72" />
</extent>
<lines_of_code value="4" level="0" />
<McCabes_cyclomatic_complexity value="1" level="0" />
<lines_of_comment value="0" level="0" />
<lines_of_code_per_line_of_comment value="------" level="0" />
<McCabes_cyclomatic_complexity_per_line_of_comment value="------" level="0" />
</member_function>
<member_function>
<name>getPurePosition()</name>
<extent>
<description>definition</description>
<source_reference file="./saa-application/SensorData.h" line="62" />
</extent>
<lines_of_code value="4" level="0" />
<McCabes_cyclomatic_complexity value="1" level="0" />
<lines_of_comment value="0" level="0" />
<lines_of_code_per_line_of_comment value="------" level="0" />
<McCabes_cyclomatic_complexity_per_line_of_comment value="------" level="0" />
</member_function>
<member_function>
<name>getSensor()</name>
<extent>
<description>definition</description>
<source_reference file="./saa-application/SensorData.h" line="55" />
</extent>
<lines_of_code value="4" level="0" />
<McCabes_cyclomatic_complexity value="1" level="0" />
<lines_of_comment value="0" level="0" />
<lines_of_code_per_line_of_comment value="------" level="0" />
<McCabes_cyclomatic_complexity_per_line_of_comment value="------" level="0" />
</member_function>
<member_function>
<name>getTimeStamp()</name>
<extent>
<description>definition</description>
<source_reference file="./saa-application/SensorData.h" line="77" />
</extent>
<lines_of_code value="4" level="0" />
<McCabes_cyclomatic_complexity value="1" level="0" />
<lines_of_comment value="0" level="0" />
<lines_of_code_per_line_of_comment value="------" level="0" />
<McCabes_cyclomatic_complexity_per_line_of_comment value="------" level="0" />
</member_function>
<member_function>
<name>getVelocity()</name>
<extent>
<description>definition</description>
<source_reference file="./saa-application/SensorData.h" line="67" />
</extent>
<lines_of_code value="4" level="0" />
<McCabes_cyclomatic_complexity value="1" level="0" />
<lines_of_comment value="0" level="0" />
<lines_of_code_per_line_of_comment value="------" level="0" />
<McCabes_cyclomatic_complexity_per_line_of_comment value="------" level="0" />
</member_function>
<member_function>
<name>printPos()</name>
<extent>
<description>definition</description>
<source_reference file="./saa-application/SensorData.cpp" line="20" />
</extent>
<extent>
<description>declaration</description>
<source_reference file="./saa-application/SensorData.h" line="53" />
</extent>
<lines_of_code value="9" level="0" />
<McCabes_cyclomatic_complexity value="0" level="0" />
<lines_of_comment value="1" level="0" />
<lines_of_code_per_line_of_comment value="------" level="0" />
<McCabes_cyclomatic_complexity_per_line_of_comment value="------" level="0" />
</member_function>
</procedural_detail>
<structural_detail>
<module>
<name>SensorData</name>
<client_module>
<name>Decision</name>
<visible>true</visible>
<concrete>false</concrete>
<extent>
<description>pass by reference</description>
<source_reference file="./saa-application/Decision.cpp" line="12" />
</extent>
<extent>
<description>pass by reference</description>
<source_reference file="./saa-application/Decision.h" line="14" />
</extent>
</client_module>
<supplier_module>
<name>Randomizer</name>
<visible>false</visible>
<concrete>false</concrete>
<extent>
<description>has by reference</description>
<source_reference file="./saa-application/SensorData.h" line="27" />
</extent>
<extent>
<description>has by reference</description>
<source_reference file="./saa-application/SensorData.h" line="28" />
</extent>
<extent>
<description>has by reference</description>
<source_reference file="./saa-application/SensorData.h" line="29" />
</extent>
<name>Vector</name>
<visible>true</visible>
<concrete>false</concrete>
<extent>
<description>has by reference</description>
<source_reference file="./saa-application/SensorData.h" line="86" />
</extent>
<extent>
<description>has by reference</description>
<source_reference file="./saa-application/SensorData.h" line="87" />
</extent>
<name>string</name>
<visible>true</visible>
<concrete>true</concrete>
<extent>
<description>pass by value</description>
<source_reference file="./saa-application/SensorData.h" line="31" />
</extent>
<extent>
<description>has by value</description>
<source_reference file="./saa-application/SensorData.h" line="85" />
</extent>
</supplier_module>
</module>
</structural_detail>
</CCCC_Project>
