<?xml version="1.0" encoding="utf-8"?>
<!--Detailed report on module shared_ptr-->
<CCCC_Project>
<module_summary>
<lines_of_code value="0" level="0" />
<lines_of_code_per_member_function value="******" level="0" />
<McCabes_cyclomatic_complexity value="0" level="0" />
<McCabes_cyclomatic_complexity_per_member_function value="******" level="0" />
<lines_of_code value="0" level="0" />
<lines_of_code_per_member_function value="********" level="0" />
<lines_of_code_per_line_of_comment value="------" level="0" />
<McCabes_cyclomatic_complexity_per_line_of_comment value="------" level="0" />
<weighted_methods_per_class_unity value="0" level="0" />
<weighted_methods_per_class_visibility value="0" level="0" />
<depth_of_inheritance_tree value="0" level="0" />
<number_of_children value="0" level="0" />
<coupling_between_objects value="6" level="0" />
<IF4 value="0" level="0" />
<IF4_per_member_function value="********" level="0" />
<IF4_visible value="0" level="0" />
<IF4_visible_per_member_function value="********" level="0" />
<IF4_concrete value="0" level="0" />
<IF4_concrete_per_member_function value="********" level="0" />
</module_summary>
<module_detail>
</module_detail>
<procedural_detail>
</procedural_detail>
<structural_detail>
<module>
<name>shared_ptr</name>
<client_module>
<name>CorrectSensorVerificationTest</name>
<visible>true</visible>
<concrete>false</concrete>
<extent>
<description>pass by reference</description>
<source_reference file="./test-server/Validation/CorrectSensorVerificationTest.h" line="14" />
</extent>
<name>NumPlanesVerificationTest</name>
<visible>true</visible>
<concrete>false</concrete>
<extent>
<description>pass by reference</description>
<source_reference file="./test-server/Validation/NumPlanesVerificationTest.h" line="14" />
</extent>
<name>PositionVerificationTest</name>
<visible>true</visible>
<concrete>false</concrete>
<extent>
<description>pass by reference</description>
<source_reference file="./test-server/Validation/PositionVerificationTest.h" line="14" />
</extent>
<name>TestEnvironment</name>
<visible>true</visible>
<concrete>true</concrete>
<extent>
<description>has by value</description>
<source_reference file="./test-server/TestEnvironment.h" line="30" />
</extent>
<name>Validator</name>
<visible>true</visible>
<concrete>true</concrete>
<extent>
<description>pass by value</description>
<source_reference file="./test-server/Validation/Validator.cpp" line="9" />
</extent>
<extent>
<description>pass by value</description>
<source_reference file="./test-server/Validation/Validator.cpp" line="49" />
</extent>
<extent>
<description>pass by value</description>
<source_reference file="./test-server/Validation/Validator.cpp" line="71" />
</extent>
<extent>
<description>pass by value</description>
<source_reference file="./test-server/Validation/Validator.h" line="25" />
</extent>
<name>VerificationTest</name>
<visible>true</visible>
<concrete>true</concrete>
<extent>
<description>pass by value</description>
<source_reference file="./test-server/Validation/VerificationTest.h" line="15" />
</extent>
<extent>
<description>has by value</description>
<source_reference file="./test-server/Validation/VerificationTest.h" line="22" />
</extent>
<extent>
<description>has by value</description>
<source_reference file="./test-server/Validation/VerificationTest.h" line="23" />
</extent>
</client_module>
<supplier_module>
</supplier_module>
</module>
</structural_detail>
</CCCC_Project>
