<?xml version="1.0" encoding="utf-8"?>
<!--Detailed report on module Socket-->
<CCCC_Project>
<module_summary>
<lines_of_code value="214" level="0" />
<lines_of_code_per_member_function value="******" level="0" />
<McCabes_cyclomatic_complexity value="53" level="0" />
<McCabes_cyclomatic_complexity_per_member_function value="******" level="2" />
<lines_of_code value="62" level="0" />
<lines_of_code_per_member_function value="********" level="2" />
<lines_of_code_per_line_of_comment value="3.452" level="0" />
<McCabes_cyclomatic_complexity_per_line_of_comment value="0.855" level="0" />
<weighted_methods_per_class_unity value="17" level="0" />
<weighted_methods_per_class_visibility value="7" level="0" />
<depth_of_inheritance_tree value="0" level="0" />
<number_of_children value="2" level="0" />
<coupling_between_objects value="5" level="0" />
<IF4 value="36" level="0" />
<IF4_per_member_function value="********" level="2" />
<IF4_visible value="0" level="0" />
<IF4_visible_per_member_function value="********" level="0" />
<IF4_concrete value="36" level="1" />
<IF4_concrete_per_member_function value="********" level="2" />
</module_summary>
<module_detail>
<description>definition</description>
<source_reference file="./common/sockets/Socket.h" line="20" />
<lines_of_code value="9" level="0" />
<McCabes_cyclomatic_complexity value="0" level="0" />
<lines_of_comment value="0" level="0" />
<lines_of_code_per_line_of_comment value="------" level="0" />
<McCabes_cyclomatic_complexity_per_line_of_comment value="------" level="0" />
</module_detail>
<procedural_detail>
<member_function>
<name>Socket()</name>
<extent>
<description>definition</description>
<source_reference file="./common/sockets/Socket.cpp" line="7" />
</extent>
<extent>
<description>declaration</description>
<source_reference file="./common/sockets/Socket.h" line="23" />
</extent>
<lines_of_code value="8" level="0" />
<McCabes_cyclomatic_complexity value="0" level="0" />
<lines_of_comment value="1" level="0" />
<lines_of_code_per_line_of_comment value="------" level="0" />
<McCabes_cyclomatic_complexity_per_line_of_comment value="------" level="0" />
</member_function>
<member_function>
<name>Socket(const Socket &amp;)</name>
<extent>
<description>definition</description>
<source_reference file="./common/sockets/Socket.cpp" line="213" />
</extent>
<extent>
<description>declaration</description>
<source_reference file="./common/sockets/Socket.h" line="24" />
</extent>
<lines_of_code value="7" level="0" />
<McCabes_cyclomatic_complexity value="0" level="0" />
<lines_of_comment value="0" level="0" />
<lines_of_code_per_line_of_comment value="------" level="0" />
<McCabes_cyclomatic_complexity_per_line_of_comment value="------" level="0" />
</member_function>
<member_function>
<name>accept(Socket &amp;)</name>
<extent>
<description>definition</description>
<source_reference file="./common/sockets/Socket.cpp" line="75" />
</extent>
<extent>
<description>declaration</description>
<source_reference file="./common/sockets/Socket.h" line="47" />
</extent>
<lines_of_code value="14" level="0" />
<McCabes_cyclomatic_complexity value="3" level="0" />
<lines_of_comment value="3" level="0" />
<lines_of_code_per_line_of_comment value="------" level="0" />
<McCabes_cyclomatic_complexity_per_line_of_comment value="------" level="0" />
</member_function>
<member_function>
<name>bind(const int)</name>
<extent>
<description>definition</description>
<source_reference file="./common/sockets/Socket.cpp" line="40" />
</extent>
<extent>
<description>declaration</description>
<source_reference file="./common/sockets/Socket.h" line="38" />
</extent>
<lines_of_code value="20" level="0" />
<McCabes_cyclomatic_complexity value="5" level="0" />
<lines_of_comment value="5" level="0" />
<lines_of_code_per_line_of_comment value="4.000" level="0" />
<McCabes_cyclomatic_complexity_per_line_of_comment value="1.000" level="0" />
</member_function>
<member_function>
<name>close()</name>
<extent>
<description>definition</description>
<source_reference file="./common/sockets/Socket.cpp" line="206" />
</extent>
<extent>
<description>declaration</description>
<source_reference file="./common/sockets/Socket.h" line="108" />
</extent>
<lines_of_code value="6" level="0" />
<McCabes_cyclomatic_complexity value="1" level="0" />
<lines_of_comment value="0" level="0" />
<lines_of_code_per_line_of_comment value="------" level="0" />
<McCabes_cyclomatic_complexity_per_line_of_comment value="------" level="0" />
</member_function>
<member_function>
<name>connect(const sockaddr_in)</name>
<extent>
<description>definition</description>
<source_reference file="./common/sockets/Socket.cpp" line="161" />
</extent>
<extent>
<description>declaration</description>
<source_reference file="./common/sockets/Socket.h" line="62" />
</extent>
<lines_of_code value="13" level="0" />
<McCabes_cyclomatic_complexity value="5" level="0" />
<lines_of_comment value="5" level="0" />
<lines_of_code_per_line_of_comment value="------" level="0" />
<McCabes_cyclomatic_complexity_per_line_of_comment value="1.000" level="0" />
</member_function>
<member_function>
<name>connect(const string,const int)</name>
<extent>
<description>definition</description>
<source_reference file="./common/sockets/Socket.cpp" line="142" />
</extent>
<extent>
<description>declaration</description>
<source_reference file="./common/sockets/Socket.h" line="55" />
</extent>
<lines_of_code value="17" level="0" />
<McCabes_cyclomatic_complexity value="7" level="0" />
<lines_of_comment value="6" level="0" />
<lines_of_code_per_line_of_comment value="------" level="0" />
<McCabes_cyclomatic_complexity_per_line_of_comment value="1.167" level="0" />
</member_function>
<member_function>
<name>create()</name>
<extent>
<description>definition</description>
<source_reference file="./common/sockets/Socket.cpp" line="20" />
</extent>
<extent>
<description>declaration</description>
<source_reference file="./common/sockets/Socket.h" line="32" />
</extent>
<lines_of_code value="16" level="0" />
<McCabes_cyclomatic_complexity value="5" level="0" />
<lines_of_comment value="6" level="0" />
<lines_of_code_per_line_of_comment value="------" level="0" />
<McCabes_cyclomatic_complexity_per_line_of_comment value="0.833" level="0" />
</member_function>
<member_function>
<name>hasData()</name>
<extent>
<description>definition</description>
<source_reference file="./common/sockets/Socket.cpp" line="221" />
</extent>
<extent>
<description>declaration</description>
<source_reference file="./common/sockets/Socket.h" line="101" />
</extent>
<lines_of_code value="5" level="0" />
<McCabes_cyclomatic_complexity value="1" level="0" />
<lines_of_comment value="0" level="0" />
<lines_of_code_per_line_of_comment value="------" level="0" />
<McCabes_cyclomatic_complexity_per_line_of_comment value="------" level="0" />
</member_function>
<member_function>
<name>is_valid()</name>
<extent>
<description>definition</description>
<source_reference file="./common/sockets/Socket.h" line="106" />
</extent>
<lines_of_code value="1" level="0" />
<McCabes_cyclomatic_complexity value="1" level="0" />
<lines_of_comment value="4" level="0" />
<lines_of_code_per_line_of_comment value="------" level="0" />
<McCabes_cyclomatic_complexity_per_line_of_comment value="------" level="0" />
</member_function>
<member_function>
<name>listen()</name>
<extent>
<description>definition</description>
<source_reference file="./common/sockets/Socket.cpp" line="61" />
</extent>
<extent>
<description>declaration</description>
<source_reference file="./common/sockets/Socket.h" line="43" />
</extent>
<lines_of_code value="14" level="0" />
<McCabes_cyclomatic_complexity value="5" level="0" />
<lines_of_comment value="4" level="0" />
<lines_of_code_per_line_of_comment value="------" level="0" />
<McCabes_cyclomatic_complexity_per_line_of_comment value="1.250" level="0" />
</member_function>
<member_function>
<name>recv(string &amp;,int)</name>
<extent>
<description>definition</description>
<source_reference file="./common/sockets/Socket.cpp" line="102" />
</extent>
<extent>
<description>declaration</description>
<source_reference file="./common/sockets/Socket.h" line="84" />
</extent>
<lines_of_code value="21" level="0" />
<McCabes_cyclomatic_complexity value="5" level="0" />
<lines_of_comment value="6" level="0" />
<lines_of_code_per_line_of_comment value="3.500" level="0" />
<McCabes_cyclomatic_complexity_per_line_of_comment value="0.833" level="0" />
</member_function>
<member_function>
<name>recv(void *,int,int)</name>
<extent>
<description>definition</description>
<source_reference file="./common/sockets/Socket.cpp" line="123" />
</extent>
<extent>
<description>declaration</description>
<source_reference file="./common/sockets/Socket.h" line="93" />
</extent>
<lines_of_code value="18" level="0" />
<McCabes_cyclomatic_complexity value="5" level="0" />
<lines_of_comment value="7" level="0" />
<lines_of_code_per_line_of_comment value="------" level="0" />
<McCabes_cyclomatic_complexity_per_line_of_comment value="0.714" level="0" />
</member_function>
<member_function>
<name>send(const string &amp;)</name>
<extent>
<description>definition</description>
<source_reference file="./common/sockets/Socket.cpp" line="89" />
</extent>
<extent>
<description>declaration</description>
<source_reference file="./common/sockets/Socket.h" line="69" />
</extent>
<lines_of_code value="13" level="0" />
<McCabes_cyclomatic_complexity value="3" level="0" />
<lines_of_comment value="5" level="0" />
<lines_of_code_per_line_of_comment value="------" level="0" />
<McCabes_cyclomatic_complexity_per_line_of_comment value="------" level="0" />
</member_function>
<member_function>
<name>send(const void *,int)</name>
<extent>
<description>definition</description>
<source_reference file="./common/sockets/Socket.cpp" line="194" />
</extent>
<extent>
<description>declaration</description>
<source_reference file="./common/sockets/Socket.h" line="76" />
</extent>
<lines_of_code value="12" level="0" />
<McCabes_cyclomatic_complexity value="3" level="0" />
<lines_of_comment value="6" level="0" />
<lines_of_code_per_line_of_comment value="------" level="0" />
<McCabes_cyclomatic_complexity_per_line_of_comment value="------" level="0" />
</member_function>
<member_function>
<name>set_non_blocking(const bool)</name>
<extent>
<description>definition</description>
<source_reference file="./common/sockets/Socket.cpp" line="177" />
</extent>
<extent>
<description>declaration</description>
<source_reference file="./common/sockets/Socket.h" line="99" />
</extent>
<lines_of_code value="15" level="0" />
<McCabes_cyclomatic_complexity value="3" level="0" />
<lines_of_comment value="4" level="0" />
<lines_of_code_per_line_of_comment value="------" level="0" />
<McCabes_cyclomatic_complexity_per_line_of_comment value="------" level="0" />
</member_function>
<member_function>
<name>~Socket()</name>
<extent>
<description>definition</description>
<source_reference file="./common/sockets/Socket.cpp" line="15" />
</extent>
<extent>
<description>declaration</description>
<source_reference file="./common/sockets/Socket.h" line="25" />
</extent>
<lines_of_code value="5" level="0" />
<McCabes_cyclomatic_complexity value="1" level="0" />
<lines_of_comment value="0" level="0" />
<lines_of_code_per_line_of_comment value="------" level="0" />
<McCabes_cyclomatic_complexity_per_line_of_comment value="------" level="0" />
</member_function>
</procedural_detail>
<structural_detail>
<module>
<name>Socket</name>
<client_module>
<name>ClientSocket</name>
<visible>false</visible>
<concrete>true</concrete>
<extent>
<description>inheritance</description>
<source_reference file="./common/sockets/ClientSocket.h" line="16" />
</extent>
<name>ServerSocket</name>
<visible>false</visible>
<concrete>true</concrete>
<extent>
<description>inheritance</description>
<source_reference file="./common/sockets/ServerSocket.h" line="18" />
</extent>
</client_module>
<supplier_module>
<name>bool</name>
<visible>true</visible>
<concrete>true</concrete>
<extent>
<description>pass by value</description>
<source_reference file="./common/sockets/Socket.cpp" line="177" />
</extent>
<extent>
<description>pass by value</description>
<source_reference file="./common/sockets/Socket.h" line="99" />
</extent>
<name>sockaddr_in</name>
<visible>true</visible>
<concrete>true</concrete>
<extent>
<description>pass by value</description>
<source_reference file="./common/sockets/Socket.cpp" line="161" />
</extent>
<extent>
<description>pass by value</description>
<source_reference file="./common/sockets/Socket.h" line="62" />
</extent>
<extent>
<description>has by value</description>
<source_reference file="./common/sockets/Socket.h" line="116" />
</extent>
<name>string</name>
<visible>true</visible>
<concrete>true</concrete>
<extent>
<description>pass by reference</description>
<source_reference file="./common/sockets/Socket.cpp" line="89" />
</extent>
<extent>
<description>pass by reference</description>
<source_reference file="./common/sockets/Socket.cpp" line="102" />
</extent>
<extent>
<description>pass by value</description>
<source_reference file="./common/sockets/Socket.cpp" line="142" />
</extent>
<extent>
<description>pass by value</description>
<source_reference file="./common/sockets/Socket.h" line="55" />
</extent>
<extent>
<description>pass by reference</description>
<source_reference file="./common/sockets/Socket.h" line="69" />
</extent>
<extent>
<description>pass by reference</description>
<source_reference file="./common/sockets/Socket.h" line="84" />
</extent>
</supplier_module>
</module>
</structural_detail>
</CCCC_Project>
