<?xml version="1.0" encoding="utf-8"?>
<!--Detailed report on module string-->
<CCCC_Project>
<module_summary>
<lines_of_code value="0" level="0" />
<lines_of_code_per_member_function value="******" level="0" />
<McCabes_cyclomatic_complexity value="0" level="0" />
<McCabes_cyclomatic_complexity_per_member_function value="******" level="0" />
<lines_of_code value="0" level="0" />
<lines_of_code_per_member_function value="********" level="0" />
<lines_of_code_per_line_of_comment value="------" level="0" />
<McCabes_cyclomatic_complexity_per_line_of_comment value="------" level="0" />
<weighted_methods_per_class_unity value="0" level="0" />
<weighted_methods_per_class_visibility value="0" level="0" />
<depth_of_inheritance_tree value="0" level="0" />
<number_of_children value="0" level="0" />
<coupling_between_objects value="13" level="0" />
<IF4 value="0" level="0" />
<IF4_per_member_function value="********" level="0" />
<IF4_visible value="0" level="0" />
<IF4_visible_per_member_function value="********" level="0" />
<IF4_concrete value="0" level="0" />
<IF4_concrete_per_member_function value="********" level="0" />
</module_summary>
<module_detail>
</module_detail>
<procedural_detail>
</procedural_detail>
<structural_detail>
<module>
<name>string</name>
<client_module>
<name>CDTISocketEndpoint</name>
<visible>true</visible>
<concrete>true</concrete>
<extent>
<description>pass by value</description>
<source_reference file="./cdti/endpoints/CDTISocketEndpoint.cpp" line="7" />
</extent>
<extent>
<description>pass by value</description>
<source_reference file="./cdti/endpoints/CDTISocketEndpoint.h" line="15" />
</extent>
<name>ClientSocket</name>
<visible>true</visible>
<concrete>true</concrete>
<extent>
<description>pass by value</description>
<source_reference file="./common/sockets/ClientSocket.cpp" line="15" />
</extent>
<extent>
<description>pass by reference</description>
<source_reference file="./common/sockets/ClientSocket.cpp" line="44" />
</extent>
<extent>
<description>pass by reference</description>
<source_reference file="./common/sockets/ClientSocket.cpp" line="52" />
</extent>
<extent>
<description>pass by value</description>
<source_reference file="./common/sockets/ClientSocket.h" line="24" />
</extent>
<extent>
<description>pass by value</description>
<source_reference file="./common/sockets/ClientSocket.h" line="36" />
</extent>
<extent>
<description>pass by reference</description>
<source_reference file="./common/sockets/ClientSocket.h" line="46" />
</extent>
<extent>
<description>pass by reference</description>
<source_reference file="./common/sockets/ClientSocket.h" line="52" />
</extent>
<name>CorrelatedData</name>
<visible>true</visible>
<concrete>true</concrete>
<extent>
<description>has by value</description>
<source_reference file="./saa-application/CorrelatedData.h" line="90" />
</extent>
<name>MockServerSocket</name>
<visible>true</visible>
<concrete>false</concrete>
<extent>
<description>pass by reference</description>
<source_reference file="./common/sockets/mocks/MockServerSocket.h" line="24" />
</extent>
<extent>
<description>pass by reference</description>
<source_reference file="./common/sockets/mocks/MockServerSocket.h" line="33" />
</extent>
<name>PlaneImage</name>
<visible>true</visible>
<concrete>true</concrete>
<extent>
<description>pass by value</description>
<source_reference file="./cdti/PlaneImage.cpp" line="9" />
</extent>
<extent>
<description>pass by value</description>
<source_reference file="./cdti/PlaneImage.h" line="19" />
</extent>
<name>ResultPlane</name>
<visible>true</visible>
<concrete>true</concrete>
<extent>
<description>has by value</description>
<source_reference file="./test-server/Validation/TestCaseResult.h" line="51" />
</extent>
<name>SensorData</name>
<visible>true</visible>
<concrete>true</concrete>
<extent>
<description>pass by value</description>
<source_reference file="./saa-application/SensorData.h" line="31" />
</extent>
<extent>
<description>has by value</description>
<source_reference file="./saa-application/SensorData.h" line="85" />
</extent>
<name>ServerSocket</name>
<visible>true</visible>
<concrete>false</concrete>
<extent>
<description>pass by reference</description>
<source_reference file="./common/sockets/ServerSocket.cpp" line="42" />
</extent>
<extent>
<description>pass by reference</description>
<source_reference file="./common/sockets/ServerSocket.cpp" line="51" />
</extent>
<extent>
<description>pass by reference</description>
<source_reference file="./common/sockets/ServerSocket.h" line="39" />
</extent>
<extent>
<description>pass by reference</description>
<source_reference file="./common/sockets/ServerSocket.h" line="44" />
</extent>
<name>Socket</name>
<visible>true</visible>
<concrete>true</concrete>
<extent>
<description>pass by reference</description>
<source_reference file="./common/sockets/Socket.cpp" line="89" />
</extent>
<extent>
<description>pass by reference</description>
<source_reference file="./common/sockets/Socket.cpp" line="102" />
</extent>
<extent>
<description>pass by value</description>
<source_reference file="./common/sockets/Socket.cpp" line="142" />
</extent>
<extent>
<description>pass by value</description>
<source_reference file="./common/sockets/Socket.h" line="55" />
</extent>
<extent>
<description>pass by reference</description>
<source_reference file="./common/sockets/Socket.h" line="69" />
</extent>
<extent>
<description>pass by reference</description>
<source_reference file="./common/sockets/Socket.h" line="84" />
</extent>
<name>SocketException</name>
<visible>true</visible>
<concrete>true</concrete>
<extent>
<description>pass by value</description>
<source_reference file="./common/sockets/SocketException.h" line="15" />
</extent>
<extent>
<description>has by value</description>
<source_reference file="./common/sockets/SocketException.h" line="22" />
</extent>
<name>TestCase</name>
<visible>true</visible>
<concrete>true</concrete>
<extent>
<description>pass by value</description>
<source_reference file="./test-server/TestCase.cpp" line="17" />
</extent>
<extent>
<description>pass by value</description>
<source_reference file="./test-server/TestCase.h" line="22" />
</extent>
<extent>
<description>has by value</description>
<source_reference file="./test-server/TestCase.h" line="56" />
</extent>
<name>TestFileParser</name>
<visible>true</visible>
<concrete>true</concrete>
<extent>
<description>pass by value</description>
<source_reference file="./test-server/TestFileParser.cpp" line="13" />
</extent>
<extent>
<description>pass by value</description>
<source_reference file="./test-server/TestFileParser.cpp" line="258" />
</extent>
<extent>
<description>pass by value</description>
<source_reference file="./test-server/TestFileParser.h" line="52" />
</extent>
<extent>
<description>pass by value</description>
<source_reference file="./test-server/TestFileParser.h" line="63" />
</extent>
<name>TestServerPlane</name>
<visible>true</visible>
<concrete>true</concrete>
<extent>
<description>pass by value</description>
<source_reference file="./test-server/planes/TestServerPlane.cpp" line="115" />
</extent>
<extent>
<description>pass by value</description>
<source_reference file="./test-server/planes/TestServerPlane.h" line="29" />
</extent>
<extent>
<description>has by value</description>
<source_reference file="./test-server/planes/TestServerPlane.h" line="67" />
</extent>
</client_module>
<supplier_module>
</supplier_module>
</module>
</structural_detail>
</CCCC_Project>
