<?xml version="1.0" encoding="utf-8"?>
<!--Detailed report on module TestServer-->
<CCCC_Project>
<module_summary>
<lines_of_code value="59" level="0" />
<lines_of_code_per_member_function value="******" level="0" />
<McCabes_cyclomatic_complexity value="8" level="0" />
<McCabes_cyclomatic_complexity_per_member_function value="******" level="2" />
<lines_of_code value="2" level="0" />
<lines_of_code_per_member_function value="********" level="2" />
<lines_of_code_per_line_of_comment value="29.500" level="1" />
<McCabes_cyclomatic_complexity_per_line_of_comment value="4.000" level="0" />
<weighted_methods_per_class_unity value="10" level="0" />
<weighted_methods_per_class_visibility value="10" level="0" />
<depth_of_inheritance_tree value="0" level="0" />
<number_of_children value="0" level="0" />
<coupling_between_objects value="1" level="0" />
<IF4 value="0" level="0" />
<IF4_per_member_function value="********" level="0" />
<IF4_visible value="0" level="0" />
<IF4_visible_per_member_function value="********" level="0" />
<IF4_concrete value="0" level="0" />
<IF4_concrete_per_member_function value="********" level="0" />
</module_summary>
<module_detail>
<description>definition</description>
<source_reference file="./test-server/TestServer.h" line="11" />
<lines_of_code value="8" level="0" />
<McCabes_cyclomatic_complexity value="0" level="0" />
<lines_of_comment value="2" level="0" />
<lines_of_code_per_line_of_comment value="------" level="0" />
<McCabes_cyclomatic_complexity_per_line_of_comment value="------" level="0" />
</module_detail>
<procedural_detail>
<member_function>
<name>getAdsbSocket()</name>
<extent>
<description>definition</description>
<source_reference file="./test-server/TestServer.cpp" line="21" />
</extent>
<extent>
<description>declaration</description>
<source_reference file="./test-server/TestServer.h" line="22" />
</extent>
<lines_of_code value="5" level="0" />
<McCabes_cyclomatic_complexity value="1" level="0" />
<lines_of_comment value="0" level="0" />
<lines_of_code_per_line_of_comment value="------" level="0" />
<McCabes_cyclomatic_complexity_per_line_of_comment value="------" level="0" />
</member_function>
<member_function>
<name>getOwnshipSocket()</name>
<extent>
<description>definition</description>
<source_reference file="./test-server/TestServer.cpp" line="16" />
</extent>
<extent>
<description>declaration</description>
<source_reference file="./test-server/TestServer.h" line="21" />
</extent>
<lines_of_code value="5" level="0" />
<McCabes_cyclomatic_complexity value="1" level="0" />
<lines_of_comment value="0" level="0" />
<lines_of_code_per_line_of_comment value="------" level="0" />
<McCabes_cyclomatic_complexity_per_line_of_comment value="------" level="0" />
</member_function>
<member_function>
<name>getRadarSocket()</name>
<extent>
<description>definition</description>
<source_reference file="./test-server/TestServer.cpp" line="63" />
</extent>
<extent>
<description>declaration</description>
<source_reference file="./test-server/TestServer.h" line="24" />
</extent>
<lines_of_code value="4" level="0" />
<McCabes_cyclomatic_complexity value="1" level="0" />
<lines_of_comment value="0" level="0" />
<lines_of_code_per_line_of_comment value="------" level="0" />
<McCabes_cyclomatic_complexity_per_line_of_comment value="------" level="0" />
</member_function>
<member_function>
<name>getTcasSocket()</name>
<extent>
<description>definition</description>
<source_reference file="./test-server/TestServer.cpp" line="59" />
</extent>
<extent>
<description>declaration</description>
<source_reference file="./test-server/TestServer.h" line="23" />
</extent>
<lines_of_code value="4" level="0" />
<McCabes_cyclomatic_complexity value="1" level="0" />
<lines_of_comment value="0" level="0" />
<lines_of_code_per_line_of_comment value="------" level="0" />
<McCabes_cyclomatic_complexity_per_line_of_comment value="------" level="0" />
</member_function>
<member_function>
<name>provideAdsbEndpoint(SensorEndpoint *)</name>
<extent>
<description>definition</description>
<source_reference file="./test-server/TestServer.cpp" line="31" />
</extent>
<extent>
<description>declaration</description>
<source_reference file="./test-server/TestServer.h" line="14" />
</extent>
<lines_of_code value="5" level="0" />
<McCabes_cyclomatic_complexity value="0" level="0" />
<lines_of_comment value="0" level="0" />
<lines_of_code_per_line_of_comment value="------" level="0" />
<McCabes_cyclomatic_complexity_per_line_of_comment value="------" level="0" />
</member_function>
<member_function>
<name>provideOwnshipEndpoint(SensorEndpoint *)</name>
<extent>
<description>definition</description>
<source_reference file="./test-server/TestServer.cpp" line="26" />
</extent>
<extent>
<description>declaration</description>
<source_reference file="./test-server/TestServer.h" line="13" />
</extent>
<lines_of_code value="5" level="0" />
<McCabes_cyclomatic_complexity value="0" level="0" />
<lines_of_comment value="0" level="0" />
<lines_of_code_per_line_of_comment value="------" level="0" />
<McCabes_cyclomatic_complexity_per_line_of_comment value="------" level="0" />
</member_function>
<member_function>
<name>provideRadarEndpoint(SensorEndpoint *)</name>
<extent>
<description>definition</description>
<source_reference file="./test-server/TestServer.cpp" line="37" />
</extent>
<extent>
<description>declaration</description>
<source_reference file="./test-server/TestServer.h" line="16" />
</extent>
<lines_of_code value="5" level="0" />
<McCabes_cyclomatic_complexity value="0" level="0" />
<lines_of_comment value="0" level="0" />
<lines_of_code_per_line_of_comment value="------" level="0" />
<McCabes_cyclomatic_complexity_per_line_of_comment value="------" level="0" />
</member_function>
<member_function>
<name>provideTcasEndpoint(SensorEndpoint *)</name>
<extent>
<description>definition</description>
<source_reference file="./test-server/TestServer.cpp" line="41" />
</extent>
<extent>
<description>declaration</description>
<source_reference file="./test-server/TestServer.h" line="15" />
</extent>
<lines_of_code value="5" level="0" />
<McCabes_cyclomatic_complexity value="0" level="0" />
<lines_of_comment value="0" level="0" />
<lines_of_code_per_line_of_comment value="------" level="0" />
<McCabes_cyclomatic_complexity_per_line_of_comment value="------" level="0" />
</member_function>
<member_function>
<name>report()</name>
<extent>
<description>declaration</description>
<source_reference file="./test-server/TestServer.h" line="19" />
</extent>
<lines_of_code value="1" level="0" />
<McCabes_cyclomatic_complexity value="0" level="0" />
<lines_of_comment value="0" level="0" />
<lines_of_code_per_line_of_comment value="------" level="0" />
<McCabes_cyclomatic_complexity_per_line_of_comment value="------" level="0" />
</member_function>
<member_function>
<name>shutdown()</name>
<extent>
<description>definition</description>
<source_reference file="./test-server/TestServer.cpp" line="46" />
</extent>
<extent>
<description>declaration</description>
<source_reference file="./test-server/TestServer.h" line="18" />
</extent>
<lines_of_code value="12" level="0" />
<McCabes_cyclomatic_complexity value="4" level="0" />
<lines_of_comment value="0" level="0" />
<lines_of_code_per_line_of_comment value="------" level="0" />
<McCabes_cyclomatic_complexity_per_line_of_comment value="------" level="0" />
</member_function>
</procedural_detail>
<structural_detail>
<module>
<name>TestServer</name>
<client_module>
</client_module>
<supplier_module>
<name>SensorEndpoint</name>
<visible>true</visible>
<concrete>false</concrete>
<extent>
<description>pass by reference</description>
<source_reference file="./test-server/TestServer.cpp" line="26" />
</extent>
<extent>
<description>pass by reference</description>
<source_reference file="./test-server/TestServer.cpp" line="31" />
</extent>
<extent>
<description>pass by reference</description>
<source_reference file="./test-server/TestServer.cpp" line="37" />
</extent>
<extent>
<description>pass by reference</description>
<source_reference file="./test-server/TestServer.cpp" line="41" />
</extent>
<extent>
<description>pass by reference</description>
<source_reference file="./test-server/TestServer.h" line="13" />
</extent>
<extent>
<description>pass by reference</description>
<source_reference file="./test-server/TestServer.h" line="14" />
</extent>
<extent>
<description>pass by reference</description>
<source_reference file="./test-server/TestServer.h" line="15" />
</extent>
<extent>
<description>pass by reference</description>
<source_reference file="./test-server/TestServer.h" line="16" />
</extent>
<extent>
<description>has by reference</description>
<source_reference file="./test-server/TestServer.h" line="27" />
</extent>
<extent>
<description>has by reference</description>
<source_reference file="./test-server/TestServer.h" line="28" />
</extent>
<extent>
<description>has by reference</description>
<source_reference file="./test-server/TestServer.h" line="29" />
</extent>
<extent>
<description>has by reference</description>
<source_reference file="./test-server/TestServer.h" line="30" />
</extent>
</supplier_module>
</module>
</structural_detail>
</CCCC_Project>
