<?xml version="1.0" encoding="utf-8"?>
<!--Detailed report on module TestFileParser-->
<CCCC_Project>
<module_summary>
<lines_of_code value="261" level="0" />
<lines_of_code_per_member_function value="******" level="0" />
<McCabes_cyclomatic_complexity value="84" level="0" />
<McCabes_cyclomatic_complexity_per_member_function value="******" level="2" />
<lines_of_code value="118" level="0" />
<lines_of_code_per_member_function value="********" level="2" />
<lines_of_code_per_line_of_comment value="2.212" level="0" />
<McCabes_cyclomatic_complexity_per_line_of_comment value="0.712" level="0" />
<weighted_methods_per_class_unity value="11" level="0" />
<weighted_methods_per_class_visibility value="2" level="0" />
<depth_of_inheritance_tree value="0" level="0" />
<number_of_children value="0" level="0" />
<coupling_between_objects value="5" level="0" />
<IF4 value="0" level="0" />
<IF4_per_member_function value="********" level="0" />
<IF4_visible value="0" level="0" />
<IF4_visible_per_member_function value="********" level="0" />
<IF4_concrete value="0" level="0" />
<IF4_concrete_per_member_function value="********" level="0" />
</module_summary>
<module_detail>
<description>definition</description>
<source_reference file="./test-server/TestFileParser.h" line="47" />
<lines_of_code value="9" level="0" />
<McCabes_cyclomatic_complexity value="1" level="0" />
<lines_of_comment value="11" level="0" />
<lines_of_code_per_line_of_comment value="------" level="0" />
<McCabes_cyclomatic_complexity_per_line_of_comment value="------" level="0" />
</module_detail>
<procedural_detail>
<member_function>
<name>GetTestCase()</name>
<extent>
<description>definition</description>
<source_reference file="./test-server/TestFileParser.cpp" line="392" />
</extent>
<extent>
<description>declaration</description>
<source_reference file="./test-server/TestFileParser.h" line="53" />
</extent>
<lines_of_code value="4" level="0" />
<McCabes_cyclomatic_complexity value="1" level="0" />
<lines_of_comment value="1" level="0" />
<lines_of_code_per_line_of_comment value="------" level="0" />
<McCabes_cyclomatic_complexity_per_line_of_comment value="------" level="0" />
</member_function>
<member_function>
<name>TestFileParser()</name>
<extent>
<description>definition</description>
<source_reference file="./test-server/TestFileParser.h" line="50" />
</extent>
<lines_of_code value="0" level="0" />
<McCabes_cyclomatic_complexity value="0" level="0" />
<lines_of_comment value="0" level="0" />
<lines_of_code_per_line_of_comment value="------" level="0" />
<McCabes_cyclomatic_complexity_per_line_of_comment value="------" level="0" />
</member_function>
<member_function>
<name>buildTestCase()</name>
<extent>
<description>definition</description>
<source_reference file="./test-server/TestFileParser.cpp" line="77" />
</extent>
<extent>
<description>declaration</description>
<source_reference file="./test-server/TestFileParser.h" line="60" />
</extent>
<lines_of_code value="29" level="0" />
<McCabes_cyclomatic_complexity value="11" level="1" />
<lines_of_comment value="16" level="0" />
<lines_of_code_per_line_of_comment value="1.812" level="0" />
<McCabes_cyclomatic_complexity_per_line_of_comment value="0.687" level="0" />
</member_function>
<member_function>
<name>getMovement(xml_node *,TestServerPlane &amp;)</name>
<extent>
<description>definition</description>
<source_reference file="./test-server/TestFileParser.cpp" line="285" />
</extent>
<extent>
<description>declaration</description>
<source_reference file="./test-server/TestFileParser.h" line="62" />
</extent>
<lines_of_code value="48" level="1" />
<McCabes_cyclomatic_complexity value="14" level="1" />
<lines_of_comment value="16" level="0" />
<lines_of_code_per_line_of_comment value="3.000" level="0" />
<McCabes_cyclomatic_complexity_per_line_of_comment value="0.875" level="0" />
</member_function>
<member_function>
<name>getOwnship(xml_node *)</name>
<extent>
<description>definition</description>
<source_reference file="./test-server/TestFileParser.cpp" line="130" />
</extent>
<extent>
<description>declaration</description>
<source_reference file="./test-server/TestFileParser.h" line="61" />
</extent>
<lines_of_code value="25" level="0" />
<McCabes_cyclomatic_complexity value="11" level="1" />
<lines_of_comment value="11" level="0" />
<lines_of_code_per_line_of_comment value="2.273" level="0" />
<McCabes_cyclomatic_complexity_per_line_of_comment value="1.000" level="0" />
</member_function>
<member_function>
<name>getPlanes(xml_node *)</name>
<extent>
<description>definition</description>
<source_reference file="./test-server/TestFileParser.cpp" line="356" />
</extent>
<extent>
<description>declaration</description>
<source_reference file="./test-server/TestFileParser.h" line="65" />
</extent>
<lines_of_code value="26" level="0" />
<McCabes_cyclomatic_complexity value="11" level="1" />
<lines_of_comment value="10" level="0" />
<lines_of_code_per_line_of_comment value="2.600" level="0" />
<McCabes_cyclomatic_complexity_per_line_of_comment value="1.100" level="0" />
</member_function>
<member_function>
<name>getSensors(xml_node *,TestServerPlane &amp;)</name>
<extent>
<description>definition</description>
<source_reference file="./test-server/TestFileParser.cpp" line="171" />
</extent>
<extent>
<description>declaration</description>
<source_reference file="./test-server/TestFileParser.h" line="64" />
</extent>
<lines_of_code value="49" level="1" />
<McCabes_cyclomatic_complexity value="11" level="1" />
<lines_of_comment value="33" level="0" />
<lines_of_code_per_line_of_comment value="1.485" level="0" />
<McCabes_cyclomatic_complexity_per_line_of_comment value="0.333" level="0" />
</member_function>
<member_function>
<name>instance()</name>
<extent>
<description>definition</description>
<source_reference file="./test-server/TestFileParser.h" line="51" />
</extent>
<lines_of_code value="0" level="0" />
<McCabes_cyclomatic_complexity value="0" level="0" />
<lines_of_comment value="0" level="0" />
<lines_of_code_per_line_of_comment value="------" level="0" />
<McCabes_cyclomatic_complexity_per_line_of_comment value="------" level="0" />
</member_function>
<member_function>
<name>isAttribute(xml_node *,string)</name>
<extent>
<description>definition</description>
<source_reference file="./test-server/TestFileParser.cpp" line="258" />
</extent>
<extent>
<description>declaration</description>
<source_reference file="./test-server/TestFileParser.h" line="63" />
</extent>
<lines_of_code value="9" level="0" />
<McCabes_cyclomatic_complexity value="3" level="0" />
<lines_of_comment value="6" level="0" />
<lines_of_code_per_line_of_comment value="------" level="0" />
<McCabes_cyclomatic_complexity_per_line_of_comment value="------" level="0" />
</member_function>
<member_function>
<name>isCoordinate(xml_node *)</name>
<extent>
<description>definition</description>
<source_reference file="./test-server/TestFileParser.cpp" line="273" />
</extent>
<extent>
<description>declaration</description>
<source_reference file="./test-server/TestFileParser.h" line="66" />
</extent>
<lines_of_code value="8" level="0" />
<McCabes_cyclomatic_complexity value="5" level="0" />
<lines_of_comment value="6" level="0" />
<lines_of_code_per_line_of_comment value="------" level="0" />
<McCabes_cyclomatic_complexity_per_line_of_comment value="0.833" level="0" />
</member_function>
<member_function>
<name>load(string)</name>
<extent>
<description>definition</description>
<source_reference file="./test-server/TestFileParser.cpp" line="13" />
</extent>
<extent>
<description>declaration</description>
<source_reference file="./test-server/TestFileParser.h" line="52" />
</extent>
<lines_of_code value="54" level="1" />
<McCabes_cyclomatic_complexity value="16" level="1" />
<lines_of_comment value="8" level="0" />
<lines_of_code_per_line_of_comment value="6.750" level="0" />
<McCabes_cyclomatic_complexity_per_line_of_comment value="2.000" level="0" />
</member_function>
</procedural_detail>
<structural_detail>
<module>
<name>TestFileParser</name>
<client_module>
</client_module>
<supplier_module>
<name>TestCase</name>
<visible>true</visible>
<concrete>true</concrete>
<extent>
<description>has by value</description>
<source_reference file="./test-server/TestFileParser.h" line="57" />
</extent>
<name>TestServerPlane</name>
<visible>true</visible>
<concrete>false</concrete>
<extent>
<description>pass by reference</description>
<source_reference file="./test-server/TestFileParser.cpp" line="171" />
</extent>
<extent>
<description>pass by reference</description>
<source_reference file="./test-server/TestFileParser.cpp" line="285" />
</extent>
<extent>
<description>pass by reference</description>
<source_reference file="./test-server/TestFileParser.h" line="62" />
</extent>
<extent>
<description>pass by reference</description>
<source_reference file="./test-server/TestFileParser.h" line="64" />
</extent>
<name>string</name>
<visible>true</visible>
<concrete>true</concrete>
<extent>
<description>pass by value</description>
<source_reference file="./test-server/TestFileParser.cpp" line="13" />
</extent>
<extent>
<description>pass by value</description>
<source_reference file="./test-server/TestFileParser.cpp" line="258" />
</extent>
<extent>
<description>pass by value</description>
<source_reference file="./test-server/TestFileParser.h" line="52" />
</extent>
<extent>
<description>pass by value</description>
<source_reference file="./test-server/TestFileParser.h" line="63" />
</extent>
<name>xml_document</name>
<visible>true</visible>
<concrete>true</concrete>
<extent>
<description>has by value</description>
<source_reference file="./test-server/TestFileParser.h" line="56" />
</extent>
<name>xml_node</name>
<visible>true</visible>
<concrete>false</concrete>
<extent>
<description>pass by reference</description>
<source_reference file="./test-server/TestFileParser.cpp" line="130" />
</extent>
<extent>
<description>pass by reference</description>
<source_reference file="./test-server/TestFileParser.cpp" line="171" />
</extent>
<extent>
<description>pass by reference</description>
<source_reference file="./test-server/TestFileParser.cpp" line="258" />
</extent>
<extent>
<description>pass by reference</description>
<source_reference file="./test-server/TestFileParser.cpp" line="273" />
</extent>
<extent>
<description>pass by reference</description>
<source_reference file="./test-server/TestFileParser.cpp" line="285" />
</extent>
<extent>
<description>pass by reference</description>
<source_reference file="./test-server/TestFileParser.cpp" line="356" />
</extent>
<extent>
<description>pass by reference</description>
<source_reference file="./test-server/TestFileParser.h" line="61" />
</extent>
<extent>
<description>pass by reference</description>
<source_reference file="./test-server/TestFileParser.h" line="62" />
</extent>
<extent>
<description>pass by reference</description>
<source_reference file="./test-server/TestFileParser.h" line="63" />
</extent>
<extent>
<description>pass by reference</description>
<source_reference file="./test-server/TestFileParser.h" line="64" />
</extent>
<extent>
<description>pass by reference</description>
<source_reference file="./test-server/TestFileParser.h" line="65" />
</extent>
<extent>
<description>pass by reference</description>
<source_reference file="./test-server/TestFileParser.h" line="66" />
</extent>
</supplier_module>
</module>
</structural_detail>
</CCCC_Project>
