<?xml version="1.0" encoding="utf-8"?>
<!--Detailed report on module TestEnvironment-->
<CCCC_Project>
<module_summary>
<lines_of_code value="69" level="0" />
<lines_of_code_per_member_function value="******" level="0" />
<McCabes_cyclomatic_complexity value="7" level="0" />
<McCabes_cyclomatic_complexity_per_member_function value="******" level="2" />
<lines_of_code value="9" level="0" />
<lines_of_code_per_member_function value="********" level="2" />
<lines_of_code_per_line_of_comment value="7.667" level="1" />
<McCabes_cyclomatic_complexity_per_line_of_comment value="0.778" level="0" />
<weighted_methods_per_class_unity value="3" level="0" />
<weighted_methods_per_class_visibility value="3" level="0" />
<depth_of_inheritance_tree value="0" level="0" />
<number_of_children value="0" level="0" />
<coupling_between_objects value="6" level="0" />
<IF4 value="0" level="0" />
<IF4_per_member_function value="********" level="0" />
<IF4_visible value="0" level="0" />
<IF4_visible_per_member_function value="********" level="0" />
<IF4_concrete value="0" level="0" />
<IF4_concrete_per_member_function value="********" level="0" />
</module_summary>
<module_detail>
<description>definition</description>
<source_reference file="./test-server/TestEnvironment.h" line="18" />
<lines_of_code value="9" level="0" />
<McCabes_cyclomatic_complexity value="0" level="0" />
<lines_of_comment value="2" level="0" />
<lines_of_code_per_line_of_comment value="------" level="0" />
<McCabes_cyclomatic_complexity_per_line_of_comment value="------" level="0" />
</module_detail>
<procedural_detail>
<member_function>
<name>TestEnvironment()</name>
<extent>
<description>definition</description>
<source_reference file="./test-server/TestEnvironment.cpp" line="15" />
</extent>
<extent>
<description>declaration</description>
<source_reference file="./test-server/TestEnvironment.h" line="20" />
</extent>
<lines_of_code value="3" level="0" />
<McCabes_cyclomatic_complexity value="0" level="0" />
<lines_of_comment value="2" level="0" />
<lines_of_code_per_line_of_comment value="------" level="0" />
<McCabes_cyclomatic_complexity_per_line_of_comment value="------" level="0" />
</member_function>
<member_function>
<name>acceptConnections()</name>
<extent>
<description>definition</description>
<source_reference file="./test-server/TestEnvironment.cpp" line="34" />
</extent>
<extent>
<description>declaration</description>
<source_reference file="./test-server/TestEnvironment.h" line="21" />
</extent>
<lines_of_code value="21" level="0" />
<McCabes_cyclomatic_complexity value="0" level="0" />
<lines_of_comment value="4" level="0" />
<lines_of_code_per_line_of_comment value="5.250" level="0" />
<McCabes_cyclomatic_complexity_per_line_of_comment value="------" level="0" />
</member_function>
<member_function>
<name>start(TestCase &amp;)</name>
<extent>
<description>definition</description>
<source_reference file="./test-server/TestEnvironment.cpp" line="66" />
</extent>
<extent>
<description>declaration</description>
<source_reference file="./test-server/TestEnvironment.h" line="22" />
</extent>
<lines_of_code value="36" level="1" />
<McCabes_cyclomatic_complexity value="7" level="0" />
<lines_of_comment value="1" level="0" />
<lines_of_code_per_line_of_comment value="36.000" level="2" />
<McCabes_cyclomatic_complexity_per_line_of_comment value="7.000" level="1" />
</member_function>
</procedural_detail>
<structural_detail>
<module>
<name>TestEnvironment</name>
<client_module>
</client_module>
<supplier_module>
<name>AdsbSensor</name>
<visible>false</visible>
<concrete>true</concrete>
<extent>
<description>has by value</description>
<source_reference file="./test-server/TestEnvironment.h" line="25" />
</extent>
<name>OwnshipSensor</name>
<visible>false</visible>
<concrete>true</concrete>
<extent>
<description>has by value</description>
<source_reference file="./test-server/TestEnvironment.h" line="26" />
</extent>
<name>RadarSensor</name>
<visible>false</visible>
<concrete>true</concrete>
<extent>
<description>has by value</description>
<source_reference file="./test-server/TestEnvironment.h" line="28" />
</extent>
<name>TcasSensor</name>
<visible>false</visible>
<concrete>true</concrete>
<extent>
<description>has by value</description>
<source_reference file="./test-server/TestEnvironment.h" line="27" />
</extent>
<name>TestCase</name>
<visible>true</visible>
<concrete>false</concrete>
<extent>
<description>pass by reference</description>
<source_reference file="./test-server/TestEnvironment.cpp" line="66" />
</extent>
<extent>
<description>pass by reference</description>
<source_reference file="./test-server/TestEnvironment.h" line="22" />
</extent>
<name>shared_ptr</name>
<visible>true</visible>
<concrete>true</concrete>
<extent>
<description>has by value</description>
<source_reference file="./test-server/TestEnvironment.h" line="30" />
</extent>
</supplier_module>
</module>
</structural_detail>
</CCCC_Project>
