<?xml version="1.0" encoding="utf-8"?>
<!--Detailed report on module TestCaseResult-->
<CCCC_Project>
<module_summary>
<lines_of_code value="26" level="0" />
<lines_of_code_per_member_function value="******" level="0" />
<McCabes_cyclomatic_complexity value="5" level="0" />
<McCabes_cyclomatic_complexity_per_member_function value="******" level="2" />
<lines_of_code value="2" level="0" />
<lines_of_code_per_member_function value="********" level="2" />
<lines_of_code_per_line_of_comment value="13.000" level="1" />
<McCabes_cyclomatic_complexity_per_line_of_comment value="2.500" level="0" />
<weighted_methods_per_class_unity value="3" level="0" />
<weighted_methods_per_class_visibility value="0" level="0" />
<depth_of_inheritance_tree value="0" level="0" />
<number_of_children value="0" level="0" />
<coupling_between_objects value="7" level="0" />
<IF4 value="144" level="1" />
<IF4_per_member_function value="********" level="2" />
<IF4_visible value="144" level="2" />
<IF4_visible_per_member_function value="********" level="2" />
<IF4_concrete value="0" level="0" />
<IF4_concrete_per_member_function value="********" level="0" />
</module_summary>
<module_detail>
<description>definition</description>
<source_reference file="./test-server/Validation/TestCaseResult.h" line="56" />
<lines_of_code value="7" level="0" />
<McCabes_cyclomatic_complexity value="0" level="0" />
<lines_of_comment value="0" level="0" />
<lines_of_code_per_line_of_comment value="------" level="0" />
<McCabes_cyclomatic_complexity_per_line_of_comment value="------" level="0" />
</module_detail>
<procedural_detail>
<member_function>
<name>fromGoogleProtobuf(const CDTIReport &amp;)</name>
<extent>
<description>definition</description>
<source_reference file="./test-server/Validation/TestCaseResult.cpp" line="8" />
</extent>
<extent>
<description>declaration</description>
<source_reference file="./test-server/Validation/TestCaseResult.h" line="60" />
</extent>
<lines_of_code value="13" level="0" />
<McCabes_cyclomatic_complexity value="3" level="0" />
<lines_of_comment value="2" level="0" />
<lines_of_code_per_line_of_comment value="------" level="0" />
<McCabes_cyclomatic_complexity_per_line_of_comment value="------" level="0" />
</member_function>
<member_function>
<name>getPlanes()</name>
<extent>
<description>definition</description>
<source_reference file="./test-server/Validation/TestCaseResult.h" line="59" />
</extent>
<lines_of_code value="1" level="0" />
<McCabes_cyclomatic_complexity value="1" level="0" />
<lines_of_comment value="0" level="0" />
<lines_of_code_per_line_of_comment value="------" level="0" />
<McCabes_cyclomatic_complexity_per_line_of_comment value="------" level="0" />
</member_function>
<member_function>
<name>getTime()</name>
<extent>
<description>definition</description>
<source_reference file="./test-server/Validation/TestCaseResult.cpp" line="22" />
</extent>
<extent>
<description>declaration</description>
<source_reference file="./test-server/Validation/TestCaseResult.h" line="62" />
</extent>
<lines_of_code value="5" level="0" />
<McCabes_cyclomatic_complexity value="1" level="0" />
<lines_of_comment value="0" level="0" />
<lines_of_code_per_line_of_comment value="------" level="0" />
<McCabes_cyclomatic_complexity_per_line_of_comment value="------" level="0" />
</member_function>
</procedural_detail>
<structural_detail>
<module>
<name>TestCaseResult</name>
<client_module>
<name>CorrectSensorVerificationTest</name>
<visible>true</visible>
<concrete>false</concrete>
<extent>
<description>pass by reference</description>
<source_reference file="./test-server/Validation/CorrectSensorVerificationTest.cpp" line="7" />
</extent>
<extent>
<description>pass by reference</description>
<source_reference file="./test-server/Validation/CorrectSensorVerificationTest.h" line="16" />
</extent>
<name>NumPlanesVerificationTest</name>
<visible>true</visible>
<concrete>false</concrete>
<extent>
<description>pass by reference</description>
<source_reference file="./test-server/Validation/NumPlanesVerificationTest.cpp" line="8" />
</extent>
<extent>
<description>pass by reference</description>
<source_reference file="./test-server/Validation/NumPlanesVerificationTest.h" line="17" />
</extent>
<name>PositionVerificationTest</name>
<visible>true</visible>
<concrete>false</concrete>
<extent>
<description>pass by reference</description>
<source_reference file="./test-server/Validation/PositionVerificationTest.cpp" line="19" />
</extent>
<extent>
<description>pass by reference</description>
<source_reference file="./test-server/Validation/PositionVerificationTest.h" line="17" />
</extent>
<name>VerificationTest</name>
<visible>true</visible>
<concrete>false</concrete>
<extent>
<description>pass by reference</description>
<source_reference file="./test-server/Validation/VerificationTest.h" line="16" />
</extent>
</client_module>
<supplier_module>
<name>CDTIReport</name>
<visible>true</visible>
<concrete>false</concrete>
<extent>
<description>pass by reference</description>
<source_reference file="./test-server/Validation/TestCaseResult.cpp" line="8" />
</extent>
<extent>
<description>pass by reference</description>
<source_reference file="./test-server/Validation/TestCaseResult.h" line="60" />
</extent>
<name>ResultPlane</name>
<visible>true</visible>
<concrete>true</concrete>
<extent>
<description>has by value</description>
<source_reference file="./test-server/Validation/TestCaseResult.h" line="68" />
</extent>
<name>vector</name>
<visible>true</visible>
<concrete>true</concrete>
<extent>
<description>has by value</description>
<source_reference file="./test-server/Validation/TestCaseResult.h" line="67" />
</extent>
</supplier_module>
</module>
</structural_detail>
</CCCC_Project>
