<?xml version="1.0" encoding="utf-8"?>
<!--Detailed report on module Validator-->
<CCCC_Project>
<module_summary>
<lines_of_code value="66" level="0" />
<lines_of_code_per_member_function value="******" level="0" />
<McCabes_cyclomatic_complexity value="7" level="0" />
<McCabes_cyclomatic_complexity_per_member_function value="******" level="2" />
<lines_of_code value="18" level="0" />
<lines_of_code_per_member_function value="********" level="2" />
<lines_of_code_per_line_of_comment value="3.667" level="0" />
<McCabes_cyclomatic_complexity_per_line_of_comment value="0.389" level="0" />
<weighted_methods_per_class_unity value="7" level="0" />
<weighted_methods_per_class_visibility value="0" level="0" />
<depth_of_inheritance_tree value="0" level="0" />
<number_of_children value="0" level="0" />
<coupling_between_objects value="3" level="0" />
<IF4 value="4" level="0" />
<IF4_per_member_function value="********" level="2" />
<IF4_visible value="4" level="0" />
<IF4_visible_per_member_function value="********" level="2" />
<IF4_concrete value="0" level="0" />
<IF4_concrete_per_member_function value="********" level="0" />
</module_summary>
<module_detail>
<description>definition</description>
<source_reference file="./test-server/Validation/Validator.h" line="22" />
<lines_of_code value="16" level="0" />
<McCabes_cyclomatic_complexity value="0" level="0" />
<lines_of_comment value="8" level="0" />
<lines_of_code_per_line_of_comment value="------" level="0" />
<McCabes_cyclomatic_complexity_per_line_of_comment value="------" level="0" />
</module_detail>
<procedural_detail>
<member_function>
<name>Validator(const TestCase,shared_ptr)</name>
<extent>
<description>definition</description>
<source_reference file="./test-server/Validation/Validator.cpp" line="9" />
</extent>
<extent>
<description>declaration</description>
<source_reference file="./test-server/Validation/Validator.h" line="25" />
</extent>
<lines_of_code value="6" level="0" />
<McCabes_cyclomatic_complexity value="0" level="0" />
<lines_of_comment value="0" level="0" />
<lines_of_code_per_line_of_comment value="------" level="0" />
<McCabes_cyclomatic_complexity_per_line_of_comment value="------" level="0" />
</member_function>
<member_function>
<name>ValidatorThreadRoutine(Validator *,shared_ptr)</name>
<extent>
<description>definition</description>
<source_reference file="./test-server/Validation/Validator.cpp" line="49" />
</extent>
<lines_of_code value="14" level="0" />
<McCabes_cyclomatic_complexity value="1" level="0" />
<lines_of_comment value="1" level="0" />
<lines_of_code_per_line_of_comment value="------" level="0" />
<McCabes_cyclomatic_complexity_per_line_of_comment value="------" level="0" />
</member_function>
<member_function>
<name>addTester(shared_ptr)</name>
<extent>
<description>definition</description>
<source_reference file="./test-server/Validation/Validator.cpp" line="71" />
</extent>
<lines_of_code value="4" level="0" />
<McCabes_cyclomatic_complexity value="0" level="0" />
<lines_of_comment value="0" level="0" />
<lines_of_code_per_line_of_comment value="------" level="0" />
<McCabes_cyclomatic_complexity_per_line_of_comment value="------" level="0" />
</member_function>
<member_function>
<name>endSimulation()</name>
<extent>
<description>definition</description>
<source_reference file="./test-server/Validation/Validator.cpp" line="20" />
</extent>
<extent>
<description>declaration</description>
<source_reference file="./test-server/Validation/Validator.h" line="31" />
</extent>
<lines_of_code value="16" level="0" />
<McCabes_cyclomatic_complexity value="3" level="0" />
<lines_of_comment value="9" level="0" />
<lines_of_code_per_line_of_comment value="------" level="0" />
<McCabes_cyclomatic_complexity_per_line_of_comment value="------" level="0" />
</member_function>
<member_function>
<name>hasErrors()</name>
<extent>
<description>definition</description>
<source_reference file="./test-server/Validation/Validator.cpp" line="45" />
</extent>
<lines_of_code value="3" level="0" />
<McCabes_cyclomatic_complexity value="2" level="0" />
<lines_of_comment value="0" level="0" />
<lines_of_code_per_line_of_comment value="------" level="0" />
<McCabes_cyclomatic_complexity_per_line_of_comment value="------" level="0" />
</member_function>
<member_function>
<name>hasReceivedResults()</name>
<extent>
<description>definition</description>
<source_reference file="./test-server/Validation/Validator.cpp" line="66" />
</extent>
<lines_of_code value="4" level="0" />
<McCabes_cyclomatic_complexity value="1" level="0" />
<lines_of_comment value="0" level="0" />
<lines_of_code_per_line_of_comment value="------" level="0" />
<McCabes_cyclomatic_complexity_per_line_of_comment value="------" level="0" />
</member_function>
<member_function>
<name>~Validator()</name>
<extent>
<description>definition</description>
<source_reference file="./test-server/Validation/Validator.cpp" line="16" />
</extent>
<extent>
<description>declaration</description>
<source_reference file="./test-server/Validation/Validator.h" line="26" />
</extent>
<lines_of_code value="3" level="0" />
<McCabes_cyclomatic_complexity value="0" level="0" />
<lines_of_comment value="0" level="0" />
<lines_of_code_per_line_of_comment value="------" level="0" />
<McCabes_cyclomatic_complexity_per_line_of_comment value="------" level="0" />
</member_function>
</procedural_detail>
<structural_detail>
<module>
<name>Validator</name>
<client_module>
<name>ValidationWriter</name>
<visible>true</visible>
<concrete>false</concrete>
<extent>
<description>pass by reference</description>
<source_reference file="./test-server/Validation/ValidationWriter.cpp" line="8" />
</extent>
<extent>
<description>pass by reference</description>
<source_reference file="./test-server/Validation/ValidationWriter.h" line="15" />
</extent>
</client_module>
<supplier_module>
<name>TestCase</name>
<visible>true</visible>
<concrete>true</concrete>
<extent>
<description>pass by value</description>
<source_reference file="./test-server/Validation/Validator.cpp" line="9" />
</extent>
<extent>
<description>pass by value</description>
<source_reference file="./test-server/Validation/Validator.h" line="25" />
</extent>
<name>shared_ptr</name>
<visible>true</visible>
<concrete>true</concrete>
<extent>
<description>pass by value</description>
<source_reference file="./test-server/Validation/Validator.cpp" line="9" />
</extent>
<extent>
<description>pass by value</description>
<source_reference file="./test-server/Validation/Validator.cpp" line="49" />
</extent>
<extent>
<description>pass by value</description>
<source_reference file="./test-server/Validation/Validator.cpp" line="71" />
</extent>
<extent>
<description>pass by value</description>
<source_reference file="./test-server/Validation/Validator.h" line="25" />
</extent>
</supplier_module>
</module>
</structural_detail>
</CCCC_Project>
