<?xml version="1.0" encoding="utf-8"?>
<!--Detailed report on module vector-->
<CCCC_Project>
<module_summary>
<lines_of_code value="0" level="0" />
<lines_of_code_per_member_function value="******" level="0" />
<McCabes_cyclomatic_complexity value="0" level="0" />
<McCabes_cyclomatic_complexity_per_member_function value="******" level="0" />
<lines_of_code value="0" level="0" />
<lines_of_code_per_member_function value="********" level="0" />
<lines_of_code_per_line_of_comment value="------" level="0" />
<McCabes_cyclomatic_complexity_per_line_of_comment value="------" level="0" />
<weighted_methods_per_class_unity value="0" level="0" />
<weighted_methods_per_class_visibility value="0" level="0" />
<depth_of_inheritance_tree value="0" level="0" />
<number_of_children value="0" level="0" />
<coupling_between_objects value="6" level="0" />
<IF4 value="0" level="0" />
<IF4_per_member_function value="********" level="0" />
<IF4_visible value="0" level="0" />
<IF4_visible_per_member_function value="********" level="0" />
<IF4_concrete value="0" level="0" />
<IF4_concrete_per_member_function value="********" level="0" />
</module_summary>
<module_detail>
</module_detail>
<procedural_detail>
</procedural_detail>
<structural_detail>
<module>
<name>vector</name>
<client_module>
<name>CorrelatedData</name>
<visible>true</visible>
<concrete>true</concrete>
<extent>
<description>has by value</description>
<source_reference file="./saa-application/CorrelatedData.h" line="88" />
</extent>
<extent>
<description>has by value</description>
<source_reference file="./saa-application/CorrelatedData.h" line="89" />
</extent>
<name>Correlation</name>
<visible>true</visible>
<concrete>true</concrete>
<extent>
<description>pass by value</description>
<source_reference file="./saa-application/Correlation.cpp" line="18" />
</extent>
<extent>
<description>pass by value</description>
<source_reference file="./saa-application/Correlation.h" line="16" />
</extent>
<name>Decision</name>
<visible>true</visible>
<concrete>false</concrete>
<extent>
<description>pass by reference</description>
<source_reference file="./saa-application/Decision.cpp" line="11" />
</extent>
<extent>
<description>pass by reference</description>
<source_reference file="./saa-application/Decision.cpp" line="11" />
</extent>
<extent>
<description>pass by reference</description>
<source_reference file="./saa-application/Decision.cpp" line="50" />
</extent>
<extent>
<description>pass by reference</description>
<source_reference file="./saa-application/Decision.h" line="13" />
</extent>
<extent>
<description>pass by reference</description>
<source_reference file="./saa-application/Decision.h" line="13" />
</extent>
<extent>
<description>pass by reference</description>
<source_reference file="./saa-application/Decision.h" line="15" />
</extent>
<name>SaaApplication</name>
<visible>true</visible>
<concrete>true</concrete>
<extent>
<description>has by value</description>
<source_reference file="./saa-application/SaaApplication.h" line="22" />
</extent>
<name>TestCase</name>
<visible>true</visible>
<concrete>true</concrete>
<extent>
<description>has by value</description>
<source_reference file="./test-server/TestCase.h" line="55" />
</extent>
<name>TestCaseResult</name>
<visible>true</visible>
<concrete>true</concrete>
<extent>
<description>has by value</description>
<source_reference file="./test-server/Validation/TestCaseResult.h" line="67" />
</extent>
</client_module>
<supplier_module>
</supplier_module>
</module>
</structural_detail>
</CCCC_Project>
