<?xml version="1.0" encoding="utf-8"?>
<!--Detailed report on module VerificationTest-->
<CCCC_Project>
<module_summary>
<lines_of_code value="11" level="0" />
<lines_of_code_per_member_function value="******" level="0" />
<McCabes_cyclomatic_complexity value="1" level="0" />
<McCabes_cyclomatic_complexity_per_member_function value="******" level="2" />
<lines_of_code value="2" level="0" />
<lines_of_code_per_member_function value="********" level="2" />
<lines_of_code_per_line_of_comment value="------" level="0" />
<McCabes_cyclomatic_complexity_per_line_of_comment value="------" level="0" />
<weighted_methods_per_class_unity value="3" level="0" />
<weighted_methods_per_class_visibility value="0" level="0" />
<depth_of_inheritance_tree value="0" level="0" />
<number_of_children value="3" level="0" />
<coupling_between_objects value="5" level="0" />
<IF4 value="36" level="0" />
<IF4_per_member_function value="********" level="2" />
<IF4_visible value="36" level="1" />
<IF4_visible_per_member_function value="********" level="2" />
<IF4_concrete value="9" level="0" />
<IF4_concrete_per_member_function value="********" level="2" />
</module_summary>
<module_detail>
<description>definition</description>
<source_reference file="./test-server/Validation/VerificationTest.h" line="12" />
<lines_of_code value="7" level="0" />
<McCabes_cyclomatic_complexity value="0" level="0" />
<lines_of_comment value="2" level="0" />
<lines_of_code_per_line_of_comment value="------" level="0" />
<McCabes_cyclomatic_complexity_per_line_of_comment value="------" level="0" />
</module_detail>
<procedural_detail>
<member_function>
<name>VerificationTest(shared_ptr)</name>
<extent>
<description>definition</description>
<source_reference file="./test-server/Validation/VerificationTest.h" line="15" />
</extent>
<lines_of_code value="1" level="0" />
<McCabes_cyclomatic_complexity value="0" level="0" />
<lines_of_comment value="0" level="0" />
<lines_of_code_per_line_of_comment value="------" level="0" />
<McCabes_cyclomatic_complexity_per_line_of_comment value="------" level="0" />
</member_function>
<member_function>
<name>getError()</name>
<extent>
<description>definition</description>
<source_reference file="./test-server/Validation/VerificationTest.h" line="18" />
</extent>
<lines_of_code value="2" level="0" />
<McCabes_cyclomatic_complexity value="1" level="0" />
<lines_of_comment value="0" level="0" />
<lines_of_code_per_line_of_comment value="------" level="0" />
<McCabes_cyclomatic_complexity_per_line_of_comment value="------" level="0" />
</member_function>
<member_function>
<name>verify(TestCaseResult &amp;)</name>
<extent>
<description>declaration</description>
<source_reference file="./test-server/Validation/VerificationTest.h" line="16" />
</extent>
<lines_of_code value="1" level="0" />
<McCabes_cyclomatic_complexity value="0" level="0" />
<lines_of_comment value="0" level="0" />
<lines_of_code_per_line_of_comment value="------" level="0" />
<McCabes_cyclomatic_complexity_per_line_of_comment value="------" level="0" />
</member_function>
</procedural_detail>
<structural_detail>
<module>
<name>VerificationTest</name>
<client_module>
<name>CorrectSensorVerificationTest</name>
<visible>true</visible>
<concrete>true</concrete>
<extent>
<description>inheritance</description>
<source_reference file="./test-server/Validation/CorrectSensorVerificationTest.h" line="11" />
</extent>
<name>NumPlanesVerificationTest</name>
<visible>true</visible>
<concrete>true</concrete>
<extent>
<description>inheritance</description>
<source_reference file="./test-server/Validation/NumPlanesVerificationTest.h" line="10" />
</extent>
<name>PositionVerificationTest</name>
<visible>true</visible>
<concrete>true</concrete>
<extent>
<description>inheritance</description>
<source_reference file="./test-server/Validation/PositionVerificationTest.h" line="10" />
</extent>
</client_module>
<supplier_module>
<name>TestCaseResult</name>
<visible>true</visible>
<concrete>false</concrete>
<extent>
<description>pass by reference</description>
<source_reference file="./test-server/Validation/VerificationTest.h" line="16" />
</extent>
<name>shared_ptr</name>
<visible>true</visible>
<concrete>true</concrete>
<extent>
<description>pass by value</description>
<source_reference file="./test-server/Validation/VerificationTest.h" line="15" />
</extent>
<extent>
<description>has by value</description>
<source_reference file="./test-server/Validation/VerificationTest.h" line="22" />
</extent>
<extent>
<description>has by value</description>
<source_reference file="./test-server/Validation/VerificationTest.h" line="23" />
</extent>
</supplier_module>
</module>
</structural_detail>
</CCCC_Project>
